ano_campeonato,data,horario,fase,tipo_fase,estadio,arbitro,publico,publico_max,time_mandante,time_visitante,tecnico_mandante,tecnico_visitante,valor_equipe_titular_mandante,valor_equipe_titular_visitante,idade_media_titular_mandante,idade_media_titular_visitante,gols_mandante,gols_visitante,gols_1_tempo_mandante,gols_1_tempo_visitante,penalti,gols_penalti_mandante,gols_penalti_visitante,escanteios_mandante,escanteios_visitante,faltas_mandante,faltas_visitante,chutes_bola_parada_mandante,chutes_bola_parada_visitante,defesas_mandante,defesas_visitante,impedimentos_mandante,impedimentos_visitante,chutes_mandante,chutes_visitante,chutes_fora_mandante,chutes_fora_visitante
2020,2020-12-23,20:30:00,Semi-Finais ,Jogos De Ida,Arena do Grêmio,,0,60540,Grêmio,São Paulo,Renato Portaluppi,Fernando Diniz,55750000,28100000,28.8,27.9,1,0,,,0,,,,,,,,,,,,,,,,
2020,2020-10-28,18:00:00,Oitavas De Final ,Jogos De Ida,Estádio Antonio Accioly,,0,13000,Atlético-GO,Internacional,Eduardo Souza,Eduardo Coudet,6900000,18200000,24.3,27,1,2,,,0,,,,,,,,,,,,,,,,
2020,2020-10-28,20:30:00,Oitavas De Final ,Jogos De Ida,Arena do Grêmio,,0,60540,Grêmio,Juventude,Renato Portaluppi,Pintado,48800000,3630000,29,30.1,1,0,,,0,,,,,,,,,,,,,,,,
2020,2020-09-23,21:30:00,4ª Eliminatória ,Jogos De Volta,Estádio São Januário,,0,24584,Vasco da Gama,Botafogo,Ramon Menezes,Paulo Autuori,23800000,11000000,27.2,27.4,0,0,,,0,,,,,,,,,,,,,,,,
2020,2020-08-25,16:00:00,3ª Eliminatória ,Jogos De Volta,Estádio Vianão,,0,1735,Afogados,Ponte Preta,,,,,,,0,2,,,0,,,,,,,,,,,,,,,,
2020,2020-08-25,19:00:00,3ª Eliminatória ,Jogos De Volta,Estádio Raimundo Sampaio,,0,25000,América-MG,Ferroviária,Lisca,Dado Cavalcanti,4080000,900000,27.8,30.7,1,0,,,0,,,,,,,,,,,,,,,,
2020,2020-08-25,21:30:00,3ª Eliminatória ,Jogos De Volta,Estádio Jornalista Mário Filho,,0,82238,Fluminense,Figueirense FC,Odair Hellmann,Marcio Coelho,20180000,2250000,26.6,29.4,3,0,,,0,,,,,,,,,,,,,,,,
2020,2020-08-26,16:00:00,3ª Eliminatória ,Jogos De Volta,Estádio Rei Pelé,,0,20000,CRB,Cruzeiro,Marcelo Cabo,Enderson Moreira,4630000,5150000,30.4,27.6,1,1,,,0,,,,,,,,,,,,,,,,
2020,2020-08-26,19:00:00,3ª Eliminatória ,Jogos De Volta,Estádio Durival Britto e Silva,,0,20083,Paraná,Botafogo,Allan Aal,Paulo Autuori,2300000,10880000,25.4,26.4,1,2,,,0,,,,,,,,,,,,,,,,
2020,2020-08-26,21:30:00,3ª Eliminatória ,Jogos De Volta,Estádio Manoel Barradas,,0,35632,EC Vitória,Ceará SC,Bruno Pivetti,Guto Ferreira,3130000,6600000,27.5,29.3,3,4,,,0,,,,,,,,,,,,,,,,
2020,2020-08-27,19:00:00,3ª Eliminatória ,Jogos De Volta,Estádio Augusto Bauer,,0,5000,Brusque,Brasil Pelotas,,,,,,,1,0,,,0,,,,,,,,,,,,,,,,
2020,2020-08-27,21:30:00,3ª Eliminatória ,Jogos De Volta,Estádio Francisco Novelletto Neto,,0,10600,EC São José,Atlético-GO,Everton Vanoni,Vagner Mancini,125000,6150000,27.7,26.7,1,0,,,0,,,,,,,,,,,,,,,,
2020,2020-03-10,14:15:00,3ª Eliminatória ,Jogos De Ida,Estádio Olímpico Nilton Santos,,22833,46931,Botafogo,Paraná,Paulo Autuori,Allan Aal,12700000,3200000,24.3,24.8,1,0,,,0,,,,,,,,,,,,,,,,
2020,2020-03-11,18:15:00,3ª Eliminatória ,Jogos De Ida,Estádio Alfredo Jaconi ,,3433,23726,Juventude,América-RN,Marquinhos Santos,Roberto Fernandes,3980000,600000,30.1,29,1,1,,,0,,,,,,,,,,,,,,,,
2020,2020-03-11,18:15:00,3ª Eliminatória ,Jogos De Ida,Estádio Orlando Scarpelli,,8901,19908,Figueirense FC,Fluminense,Marcio Coelho,Odair Hellmann,4550000,25600000,28.4,28.6,1,0,,,0,,,,,,,,,,,,,,,,
2020,2020-03-11,18:15:00,3ª Eliminatória ,Jogos De Ida,Estádio Doutor Adhemar de Barros,,2799,20950,Ferroviária,América-MG,Sérgio Soares,Lisca,675000,2600000,30.2,26.4,0,0,,,0,,,,,,,,,,,,,,,,
2020,2020-03-11,20:30:00,3ª Eliminatória ,Jogos De Ida,Estádio Governador Magalhães Pinto,,13118,57483,Cruzeiro,CRB,Adilson Batista,Marcelo Cabo,7000000,3850000,25.4,28.8,0,2,,,0,,,,,,,,,,,,,,,,
2020,2020-03-11,20:30:00,3ª Eliminatória ,Jogos De Ida,Estádio Antonio Accioly,,4116,13000,Atlético-GO,EC São José,Eduardo Barroca,Everton Vanoni,8000000,125000,26.5,27.8,2,0,,,0,,,,,,,,,,,,,,,,
2020,2020-03-12,18:15:00,3ª Eliminatória ,Jogos De Ida,Estádio Governador Plácido Castelo,,17264,60326,Ceará SC,EC Vitória,Enderson Moreira,Geninho,9300000,2800000,30.3,25.2,1,0,,,0,,,,,,,,,,,,,,,,
2020,2020-03-12,18:15:00,3ª Eliminatória ,Jogos De Ida,Estádio Moisés Lucarelli,,3237,19728,Ponte Preta,Afogados,,,,,,,3,0,,,0,,,,,,,,,,,,,,,,
2020,2020-03-12,20:30:00,3ª Eliminatória ,Jogos De Ida,Estádio Bento Mendes de Freitas,,2776,21000,Brasil Pelotas,Brusque,,,,,,,0,1,,,0,,,,,,,,,,,,,,,,
2020,2020-03-12,20:30:00,3ª Eliminatória ,Jogos De Ida,Estádio São Januário,,17970,24584,Vasco da Gama,Goiás,Abel Braga,Ney Franco,19100000,12480000,27.8,28,0,1,,,0,,,,,,,,,,,,,,,,
2020,2020-02-18,20:30:00,2ª Eliminatória,Jogo Único,Estádio Salvador Venâncio da Costa,,2360,3000,Vitória-ES,Figueirense FC,,,,,,,0,1,,,0,,,,,,,,,,,,,,,,
2020,2020-02-20,20:30:00,2ª Eliminatória,Jogo Único,Estádio Augusto Bauer,,0,5000,Brusque,Remo,,,,,,,5,1,,,0,,,,,,,,,,,,,,,,
2020,2020-02-26,18:15:00,2ª Eliminatória,Jogo Único,Estádio Durival Britto e Silva,,6277,20083,Paraná,AD Bahia-BA,,,,,,,3,2,,,0,,,,,,,,,,,,,,,,
2020,2020-02-26,19:30:00,2ª Eliminatória,Jogo Único,Estádio Doutor Adhemar de Barros,,1310,20950,Ferroviária,Águia Negra,,,,,,,6,2,,,0,,,,,,,,,,,,,,,,
2020,2020-03-04,18:15:00,2ª Eliminatória,Jogo Único,Estádio Jornalista Mário Filho,,12619,82238,Fluminense,Botafogo-PB,Odair Hellmann,Evaristo Piza,25800000,50000,28.3,31.1,2,0,,,0,,,,,,,,,,,,,,,,
2020,2020-03-04,18:15:00,2ª Eliminatória,Jogo Único,Estádio Bruno José Daniel,,2099,15157,Santo André,Goiás,Paulo Roberto Santos,Ney Franco,1380000,11530000,30.2,27.7,0,2,,,0,,,,,,,,,,,,,,,,
2020,2020-03-04,19:30:00,2ª Eliminatória,Jogo Único,Estádio Bento Mendes de Freitas,,4840,21000,Brasil Pelotas,Manaus FC,Gustavo Papa,Welington Fajardo,2630000,150000,31.1,29.5,1,0,,,0,,,,,,,,,,,,,,,,
2020,2020-03-05,18:15:00,2ª Eliminatória,Jogo Único,Estádio Manoel Barradas,,0,35632,EC Vitória,Lagarto,,,,,,,3,1,,,0,,,,,,,,,,,,,,,,
2020,2020-03-05,19:01:00,2ª Eliminatória,Jogo Único,Estádio Germano Kruger,,4712,10632,Operário-PR,América-MG,Gerson Gusmão,Lisca,1930000,2600000,27.5,26.3,0,2,,,0,,,,,,,,,,,,,,,,
2020,2020-03-05,20:30:00,2ª Eliminatória,Jogo Único,Estádio Jornalista Mário Filho,,31839,82584,Vasco da Gama,ABC FC,Abel Braga,Francisco Diá,19100000,275000,27.8,27.5,1,0,,,0,,,,,,,,,,,,,,,,
2020,2020-02-05,14:30:00,1ª Eliminatória,Jogo Único,Estádio Municipal Gerson do Amaral,,703,7000,Coruripe,Juventude,,,,,,,0,0,,,0,,,,,,,,,,,,,,,,
2020,2020-02-05,15:30:00,1ª Eliminatória,Jogo Único,Estádio Bruno José Daniel,,992,15157,Santo André,Criciúma EC,,,,,,,4,1,,,0,,,,,,,,,,,,,,,,
2020,2020-02-05,18:15:00,1ª Eliminatória,Jogo Único,Estádio Municipal Vereador Benedito Laurindo de Souza ou Estádio Dito ,,832,,Operário VG,Santa Cruz,,,325000,50000,25.1,29.2,0,0,,,0,,,,,,,,,,,,,,,,
2020,2020-02-05,19:30:00,1ª Eliminatória,Jogo Único,Estádio Barão da Serra Negra,,2126,,XV Piracicaba,Londrina-PR,,,400000,650000,29.4,22.8,1,0,,,0,,,,,,,,,,,,,,,,
2020,2020-02-05,19:30:00,1ª Eliminatória,Jogo Único,Estádio Arnaldo Lopes Martins,,1044,2500,Vilhenense,Boa Esporte,,,,,,,1,1,,,0,,,,,,,,,,,,,,,,
2020,2020-02-05,19:30:00,1ª Eliminatória,Jogo Único,Estádio Municipal Antônio de Figueiredo Carneiro,,5417,16000,Atl. Alagoinhas,Botafogo-PB,,,500000,600000,31.3,30.8,0,0,,,0,,,,,,,,,,,,,,,,
2020,2020-02-05,19:30:00,1ª Eliminatória,Jogo Único,Estádio Lírio Callou,,740,5000,Barbalha,Operário-PR,,,,,,,0,3,,,0,,,,,,,,,,,,,,,,
2020,2020-02-05,19:30:00,1ª Eliminatória,Jogo Único,Estádio 19 de Outubro,,1922,8000,São Luiz,América-RN,,,300000,100000,27.2,28.6,0,0,,,0,,,,,,,,,,,,,,,,
2020,2020-02-05,19:30:00,1ª Eliminatória,Jogo Único,Arena Cajueiro,,1398,4000,AD Bahia-BA,Luverdense,,,,,,,3,1,,,0,,,,,,,,,,,,,,,,
2020,2020-02-05,19:30:00,1ª Eliminatória,Jogo Único,Estádio Municipal Antônio Dias,,480,8000,Independente-PA,CRB,,,,,,,2,3,,,0,,,,,,,,,,,,,,,,
2020,2020-02-05,19:30:00,1ª Eliminatória,Jogo Único,Estádio Milton de Souza Corrêa,,206,10000,Santos-AP,América-MG,,,50000,3200000,28.1,26.9,1,1,,,0,,,,,,,,,,,,,,,,
2020,2020-02-05,20:30:00,1ª Eliminatória,Jogo Único,Estádio Governador Alberto Tavares Silva,,3972,44200,River-PI,EC Bahia,Marcelo Vilar,Roger Machado,50000,15150000,27.1,26.7,1,0,,,0,,,,,,,,,,,,,,,,
2020,2020-02-05,20:30:00,1ª Eliminatória,Jogo Único,Estádio Nilton Santos,,2162,12000,Palmas,Paraná,,,,,,,0,2,,,0,,,,,,,,,,,,,,,,
2020,2020-02-05,20:30:00,1ª Eliminatória,Jogo Único,Estádio Mário Pinto de Souza,,2480,5000,Aquidauanense,ABC FC,,,175000,50000,31.2,27.9,0,1,,,0,,,,,,,,,,,,,,,,
2020,2020-02-05,20:30:00,1ª Eliminatória,Jogo Único,Estádio Francisco Stédile,,3021,30822,Caxias-RS,Botafogo,Lacerda,Alberto Valentim,100000,7650000,30.9,26.5,1,1,,,0,,,,,,,,,,,,,,,,
2020,2020-02-05,21:30:00,1ª Eliminatória,Jogo Único,Estádio Ismael Benigno,,545,10000,Fast,Goiás,,,,,,,0,2,,,0,,,,,,,,,,,,,,,,
2020,2020-02-06,15:30:00,1ª Eliminatória,Jogo Único,Estádio Jorge Ismael de Biasi,,1356,18000,Novorizontino,Figueirense FC,Roberto Fonseca,Marcio Coelho,2800000,4350000,31.1,26,1,2,,,0,,,,,,,,,,,,,,,,
2020,2020-02-06,18:15:00,1ª Eliminatória,Jogo Único,Estádio Maria de Lourdes Abadia,,344,5000,Brasiliense,Paysandu,,,,,,,1,1,,,0,,,,,,,,,,,,,,,,
2020,2020-02-06,19:30:00,1ª Eliminatória,Jogo Único,Estádio Salvador Venâncio da Costa,,1512,3000,Vitória-ES,CSA,,,,,,,2,1,,,0,,,,,,,,,,,,,,,,
2020,2020-02-06,20:30:00,1ª Eliminatória,Jogo Único,Estádio Municipal Engenheiro Luthero Lopes,,4571,19000,União Rond.,Atlético-GO,Júlio César Nunes,Cristóvão Borges,200000,4950000,29,26.4,0,1,,,0,,,,,,,,,,,,,,,,
2020,2020-02-11,20:30:00,1ª Eliminatória,Jogo Único,Estádio Frei Epifânio D'Abadia,,6542,12500,Imperatriz,EC Vitória,,,,,,,0,0,,,0,,,,,,,,,,,,,,,,
2020,2020-02-12,15:00:00,1ª Eliminatória,Jogo Único,Estádio São Benedito,,1193,5000,Bragantino-PA,Ceará SC,,,,,,,1,2,,,0,,,,,,,,,,,,,,,,
2020,2020-02-12,18:15:00,1ª Eliminatória,Jogo Único,Estádio Augusto Bauer,,0,5000,Brusque,Sport Recife,,,,,,,2,1,,,0,,,,,,,,,,,,,,,,
2020,2020-02-12,18:15:00,1ª Eliminatória,Jogo Único,Estádio Governador Alberto Tavares Silva,,11600,44000,Altos,Vasco da Gama,Fernando Tonet,Abel Braga,200000,21850000,31.5,26.8,1,1,,,0,,,,,,,,,,,,,,,,
2020,2020-02-12,19:01:00,1ª Eliminatória,Jogo Único,Estádio Proletário Guilherme da Silveira,,693,9024,Bangu-RJ,Oeste,,,,,,,1,1,,,0,,,,,,,,,,,,,,,,
2020,2020-02-12,19:01:00,1ª Eliminatória,Jogo Único,Estádio Municipal Jairton Menezes de Mendonça,,483,4000,Freipaulistano,Remo,,,,,,,1,2,,,0,,,,,,,,,,,,,,,,
2020,2020-02-12,19:30:00,1ª Eliminatória,Jogo Único,Estádio Valmir Campelo Bezerra,,3691,20310,SE Gama,Brasil Pelotas,,,,,,,3,3,,,0,,,,,,,,,,,,,,,,
2020,2020-02-12,19:30:00,1ª Eliminatória,Jogo Único,Estádio Municipal Raimundo de Oliveira,,663,7800,Caucaia-CE,EC São José,,,,,,,1,2,,,0,,,,,,,,,,,,,,,,
2020,2020-02-12,20:30:00,1ª Eliminatória,Jogo Único,Estádio Municipal 14 de Dezembro,,2361,15000,Toledo,Náutico,Zé Maria,Gilmar Pozzo,50000,2150000,27.7,27,0,2,,,0,,,,,,,,,,,,,,,,
2020,2020-02-12,20:30:00,1ª Eliminatória,Jogo Único,Estádio Renato Cunha Lima,,3475,,Campinense-PB,Atlético-MG,,,,,,,0,0,,,0,,,,,,,,,,,,,,,,
2020,2020-02-12,20:30:00,1ª Eliminatória,Jogo Único,Estádio Iliê Vidal,,1875,8000,Águia Negra,Sampaio Corrêa,,,,,,,2,1,,,0,,,,,,,,,,,,,,,,
2020,2020-02-12,20:30:00,1ª Eliminatória,Jogo Único,Estádio Municipal Nhozinho Santos,,0,16500,Moto Club,Fluminense,Dejair Ferreira,Odair Hellmann,500000,10850000,28.7,28.7,2,4,,,0,,,,,,,,,,,,,,,,
2020,2020-02-12,20:30:00,1ª Eliminatória,Jogo Único,Arena Acreana,,860,20000,Galvez,Vila Nova FC,,,,,,,0,1,,,0,,,,,,,,,,,,,,,,
2020,2020-02-12,21:30:00,1ª Eliminatória,Jogo Único,Arena da Amazonia,,0,,Manaus FC,Coritiba FC,,,,,,,1,0,,,0,,,,,,,,,,,,,,,,
2020,2020-02-13,14:30:00,1ª Eliminatória,Jogo Único,Estádio Paulo Barreto de Menezes,,720,8000,Lagarto,Volta Redonda,,,,,,,1,0,,,0,,,,,,,,,,,,,,,,
2020,2020-02-13,15:30:00,1ª Eliminatória,Jogo Único,Estádio Doutor Adhemar de Barros,,1398,20950,Ferroviária,Avaí FC,Sérgio Soares,Augusto Inácio,1730000,7250000,29.6,28.3,2,0,,,0,,,,,,,,,,,,,,,,
2020,2020-02-13,18:15:00,1ª Eliminatória,Jogo Único,Estádio do Vale,,364,15178,Novo Hamburgo,Ponte Preta,,,650000,3750000,29.2,27,1,2,,,0,,,,,,,,,,,,,,,,
2020,2020-02-13,19:30:00,1ª Eliminatória,Jogo Único,Estádio Vianão,,1300,1735,Afogados,Atl. Acreano,,,,,,,3,0,,,0,,,,,,,,,,,,,,,,
2020,2020-02-13,20:30:00,1ª Eliminatória,Jogo Único,Estádio Elcyr Resende de Mendonça,,1579,6000,Boavista,Chapecoense,Paulo Bonamigo,Umberto Louzer,3050000,3580000,28.8,25.7,0,2,,,0,,,,,,,,,,,,,,,,
2020,2020-02-13,20:30:00,1ª Eliminatória,Jogo Único,Estádio Flamarion Vasconcelos,,4353,10000,São Raimundo-RR,Cruzeiro,,,,,,,2,2,,,0,,,,,,,,,,,,,,,,
2020,2021-03-07,17:00:00,Final ,Jogo De Volta,Allianz Parque,Bruno Arleu de Araújo,0,43600,Palmeiras,Grêmio,Abel Ferreira,Renato Portaluppi,37050000,43050000,28.8,28.8,2,0,0,0,0,,,3,4,23,12,11,22,4,2,5,0,13,9,6,2
2020,2021-02-28,15:00:00,Final ,Jogo De Ida,Arena do Grêmio,Marcelo de Lima Henrique  (RJ),0,60540,Grêmio,Palmeiras,Renato Portaluppi,Abel Ferreira,51900000,39050000,29.8,28.8,0,1,0,1,0,,,7,4,15,20,18,15,1,3,2,1,15,9,7,4
2020,2020-12-30,20:30:00,Semi-Finais ,Jogos De Volta,Estádio Cícero Pompeu de Toledo,Bruno Arleu de Araújo,0,67428,São Paulo,Grêmio,Fernando Diniz,Renato Portaluppi,28900000,57100000,27.4,28.4,0,0,0,0,0,,,10,3,23,15,15,22,0,4,1,0,12,7,6,6
2020,2020-12-30,20:30:00,Semi-Finais ,Jogos De Volta,Estádio Raimundo Sampaio,Wilton Sampaio,0,25000,América-MG,Palmeiras,Lisca,Abel Ferreira,2500000,38300000,27.4,27.5,0,2,0,0,0,,,3,3,10,12,12,10,2,2,2,1,14,11,9,6
2020,2020-11-18,18:00:00,Quartas De Final ,Jogos De Volta,Estádio Governador Plácido Castelo,Paulo Roberto Alves Júnior,0,60326,Ceará SC,Palmeiras,Guto Ferreira,Castanheira,8050000,28100000,28.9,26.9,2,2,0,2,0,,,8,1,9,15,15,8,2,5,3,1,13,8,3,3
2020,2020-11-18,20:30:00,Quartas De Final ,Jogos De Volta,Estádio Cícero Pompeu de Toledo,Wilton Sampaio,0,67428,São Paulo,Flamengo,Fernando Diniz,Rogério Ceni,28200000,57650000,27.1,26.4,3,0,0,0,0,,,3,9,18,14,14,16,5,3,3,2,8,17,1,8
2020,2020-11-11,20:30:00,Quartas De Final ,Jogos De Ida,Estádio Jornalista Mário Filho,Anderson Daronco,0,78838,Flamengo,São Paulo,Rogério Ceni,Fernando Diniz,64600000,28200000,26.8,27.1,1,2,0,0,0,,,7,4,10,15,14,9,1,5,4,0,12,4,3,0
2020,2020-11-11,20:30:00,Quartas De Final ,Jogos De Ida,Estádio Beira-Rio,Caio Max Augusto Vieira,0,56000,Internacional,América-MG,Abel Braga,Lisca,27700000,3550000,28.9,28.5,0,1,0,1,0,,,6,3,20,13,11,17,1,2,1,4,11,9,7,5
2020,2020-11-03,18:00:00,Oitavas De Final ,Jogos De Volta,Arena Pantanal,Ricardo Marques Ribeiro (MG),0,42968,Cuiabá-MT,Botafogo,Marcelo Chamusca,Flávio Tenius,4450000,8080000,28.6,26.4,0,0,0,0,0,,,4,8,20,18,18,18,3,2,2,1,6,18,1,7
2020,2020-11-03,20:30:00,Oitavas De Final ,Jogos De Volta,Estádio Beira-Rio,Felipe Fernandes,0,56000,Internacional,Atlético-GO,Eduardo Coudet,Eduardo Souza,20750000,7450000,26.8,25.2,2,1,0,0,0,,,1,6,23,7,7,22,0,4,3,0,12,10,3,4
2020,2020-11-04,18:00:00,Oitavas De Final ,Jogos De Volta,Estádio Governador Plácido Castelo,Leandro Pedro Vuaden,0,60326,Ceará SC,Santos,Guto Ferreira,Cuca,6750000,33000000,30.7,25.8,1,0,0,0,0,,,8,3,16,9,9,16,0,5,2,1,13,12,6,9
2020,2020-11-04,20:30:00,Oitavas De Final ,Jogos De Volta,Estádio Raimundo Sampaio,Wagner do Nascimento Magalhães,0,25000,América-MG,Corinthians,Lisca,Vagner Mancini,3150000,33200000,27.8,26.3,1,1,0,0,0,,,6,8,9,16,15,8,2,6,7,0,19,10,8,4
2020,2020-11-05,20:30:00,Oitavas De Final ,Jogos De Volta,Estádio Alfredo Jaconi ,Marcelo de Lima Henrique  (RJ),0,23726,Juventude,Grêmio,Pintado,Renato Portaluppi,2630000,45600000,28.6,30.2,0,1,0,0,0,,,3,2,14,15,15,14,5,6,0,2,14,11,7,4
2020,2020-10-27,20:30:00,Oitavas De Final ,Jogos De Ida,Estádio Olímpico Nilton Santos,Gilberto Rodrigues Castro Junior,0,46931,Botafogo,Cuiabá-MT,Bruno Lazaroni,Marcelo Chamusca,9600000,5400000,27.2,28.8,0,1,0,0,0,,,10,2,13,20,19,13,1,6,0,2,23,6,10,4
2020,2020-10-28,15:00:00,Oitavas De Final ,Jogos De Ida,Estádio Urbano Caldeira,Wagner do Nascimento Magalhães,0,20120,Santos,Ceará SC,Cuca,Guto Ferreira,25400000,6750000,26.1,30.7,0,0,0,0,0,,,6,7,9,21,20,9,3,4,2,0,15,17,6,10
2020,2020-10-28,20:30:00,Oitavas De Final ,Jogos De Ida,Ligga Arena,Ricardo Marques Ribeiro (MG),0,42372,Athletico-PR,Flamengo,Paulo Autuori,Domènec Torrent,15200000,44850000,26.6,27,0,1,0,1,0,,,10,8,12,21,21,11,2,5,0,0,15,10,6,5
2020,2020-10-28,20:30:00,Oitavas De Final ,Jogos De Ida,Neo Química Arena ,Rodrigo D'Alonso Ferreira,0,49205,Corinthians,América-MG,Vagner Mancini,Lisca,33500000,2950000,26.7,28.6,0,1,0,0,0,,,7,0,16,17,15,16,1,3,0,2,14,9,5,4
2020,2020-10-29,18:00:00,Oitavas De Final ,Jogos De Ida,Estádio Nabi Abi Chedid,Jean Pierre Goncalves Lima,0,13212,RB Bragantino,Palmeiras,Maurício Barbieri,Andrey Lopes,18500000,40250000,27.5,27.4,1,3,0,3,0,,,12,2,14,15,15,13,1,4,1,2,17,9,7,5
2020,2020-09-16,21:30:00,4ª Eliminatória ,Jogos De Ida,Estádio Augusto Bauer,Rodrigo Carvalhaes de Miranda,0,5000,Brusque,Ceará SC,,,,,,,0,2,0,1,0,,,10,1,12,15,13,12,1,4,3,4,19,10,8,6
2020,2020-09-16,21:30:00,4ª Eliminatória ,Jogos De Ida,Estádio Jornalista Mário Filho,Caio Max Augusto Vieira,0,82238,Fluminense,Atlético-GO,Odair Hellmann,Vagner Mancini,12050000,9950000,27.9,25.4,1,0,0,0,0,,,8,2,16,14,13,14,0,4,4,2,9,4,2,2
2020,2020-09-17,19:00:00,4ª Eliminatória ,Jogos De Ida,Estádio Olímpico Nilton Santos,Ricardo Marques Ribeiro (MG),0,46931,Botafogo,Vasco da Gama,Paulo Autuori,Ramon Menezes,11000000,22150000,27.4,27.6,1,0,0,0,0,,,4,1,24,14,14,22,2,3,2,0,13,8,6,3
2020,2020-12-23,20:30:00,Semi-Finais ,Jogos De Ida,Allianz Parque,Leandro Pedro Vuaden,0,43600,Palmeiras,América-MG,Abel Ferreira,Lisca,61800000,3050000,27,27.7,1,1,1,1,0,,,11,2,16,17,17,14,1,5,5,1,24,9,11,5
2020,2020-11-11,18:00:00,Quartas De Final ,Jogos De Ida,Arena Pantanal,Vinicius Gonçalves Dias Araujo,0,42968,Cuiabá-MT,Grêmio,Marcelo Chamusca,Renato Portaluppi,4450000,50300000,28,29.7,1,2,1,2,0,,,6,9,14,14,12,14,3,5,0,3,14,11,7,4
2020,2020-11-05,18:00:00,Oitavas De Final ,Jogos De Volta,Allianz Parque,Vinicius Gonçalves Dias Araujo,0,43600,Palmeiras,RB Bragantino,Abel Ferreira,Maurício Barbieri,40250000,25350000,27.5,25.9,1,0,1,0,0,,,2,5,11,14,13,10,2,0,0,2,13,10,7,8
2020,2020-09-22,19:00:00,4ª Eliminatória ,Jogos De Volta,Estádio Rei Pelé,Felipe Fernandes,0,20000,CRB,Juventude,Marcelo Cabo,Pintado,4700000,3780000,30.1,29,1,0,1,0,0,,,4,4,26,21,20,22,1,2,0,0,15,4,7,3
2020,2020-09-23,21:30:00,4ª Eliminatória ,Jogos De Volta,Estádio Governador Plácido Castelo,Denis Ribeiro Serafim,0,60326,Ceará SC,Brusque,,,,,,,5,1,1,1,0,,,6,3,13,8,8,13,1,6,0,0,22,9,3,4
2020,2020-09-24,20:00:00,4ª Eliminatória ,Jogos De Volta,Estádio Antonio Accioly,Savio Pereira Sampaio,0,13000,Atlético-GO,Fluminense,Vagner Mancini,Odair Hellmann,8800000,12050000,26.2,27.9,3,1,1,1,0,,,5,7,21,15,15,19,1,4,1,1,18,7,6,3
2020,2020-09-16,19:00:00,4ª Eliminatória ,Jogos De Ida,Estádio Moisés Lucarelli,Daniel Nobre Bins,0,19728,Ponte Preta,América-MG,João Brigatti,Lisca,4330000,2750000,26.4,28.8,2,2,1,1,0,,,0,9,19,11,8,19,2,0,5,4,10,12,4,6
2020,2020-09-17,16:00:00,4ª Eliminatória ,Jogos De Ida,Estádio Alfredo Jaconi ,Thiago Duarte Peixoto,0,23726,Juventude,CRB,Pintado,Marcelo Cabo,3830000,4700000,28.9,30.1,2,0,1,0,0,,,5,8,12,13,11,12,6,2,2,2,9,14,2,4
2020,2020-11-18,15:30:00,Quartas De Final ,Jogos De Volta,Arena do Grêmio,Felipe Fernandes,0,60540,Grêmio,Cuiabá-MT,Renato Portaluppi,Allan Aal,53100000,4450000,29.6,28.6,2,0,2,0,0,,,4,5,15,11,10,15,0,7,3,1,17,11,5,4
2020,2020-11-04,20:30:00,Oitavas De Final ,Jogos De Volta,Estádio Jornalista Mário Filho,Rodrigo D'Alonso Ferreira,0,78838,Flamengo,Athletico-PR,Domènec Torrent,Paulo Autuori,54750000,21400000,25.8,25.9,3,2,2,1,0,,,1,5,15,16,16,14,2,5,1,4,12,9,2,3
2020,2020-10-14,19:15:00,Oitavas De Final ,Jogos De Ida,Estádio Governador Plácido Castelo,Rodolpho Toski Marques,0,60326,Fortaleza,São Paulo,Rogério Ceni,Fernando Diniz,7850000,30200000,29.2,25.9,3,3,2,2,0,,,2,7,9,7,7,7,3,1,1,0,8,22,3,12
2020,2020-09-22,21:30:00,4ª Eliminatória ,Jogos De Volta,Estádio Raimundo Sampaio,Dyorgines Jose Padovani,0,25000,América-MG,Ponte Preta,Lisca,João Brigatti,3080000,3680000,27.8,26.7,3,1,2,0,0,,,5,3,17,23,21,15,3,0,3,1,15,10,9,2
2020,2020-11-11,15:30:00,Quartas De Final ,Jogos De Ida,Allianz Parque,Braulio da Silva Machado,0,43600,Palmeiras,Ceará SC,Abel Ferreira,Guto Ferreira,45450000,6250000,27,30.8,3,0,3,0,0,,,3,2,13,10,10,12,1,2,3,1,15,3,6,2
2020,2020-11-18,20:30:00,Quartas De Final ,Jogos De Volta,Estádio Raimundo Sampaio,,0,25000,América-MG,Internacional,Lisca,Abel Braga,3250000,21750000,28.1,30.2,0,1,,,1,6,5,,,,,,,,,,,,,,
2020,2020-10-25,19:30:00,Oitavas De Final ,Jogos De Volta,Estádio Cícero Pompeu de Toledo,,0,67428,São Paulo,Fortaleza,Fernando Diniz,Rogério Ceni,31200000,7100000,26.4,28.5,2,2,,,1,10,9,,,,,,,,,,,,,,
2020,2020-08-26,16:00:00,3ª Eliminatória ,Jogos De Volta,Arena das Dunas,,0,30000,América-RN,Juventude,,,,,,,1,1,,,1,4,6,,,,,,,,,,,,,,
2020,2020-08-26,21:30:00,3ª Eliminatória ,Jogos De Volta,Estádio Serra Dourada,,0,50049,Goiás,Vasco da Gama,Thiago Larghi,Ramon Menezes,9480000,18180000,28.9,27,1,2,,,1,3,5,,,,,,,,,,,,,,
2020,2020-02-19,18:15:00,2ª Eliminatória,Jogo Único,Estádio Leônidas Sodré de Castro,,10963,16200,Paysandu,CRB,Hélio dos Anjos,Marcelo Cabo,200000,3400000,29.6,27.5,1,1,,,1,3,5,,,,,,,,,,,,,,
2020,2020-02-19,20:30:00,2ª Eliminatória,Jogo Único,Estádio Eládio de Barros Carvalho,,10717,19800,Náutico,Botafogo,Gilmar Pozzo,Paulo Autuori,2100000,13000000,26.4,26.6,1,1,,,1,3,4,,,,,,,,,,,,,,
2020,2020-02-19,20:30:00,2ª Eliminatória,Jogo Único,Arena Barueri,,579,32500,Oeste,Ceará SC,Renan Freitas,Enderson Moreira,1300000,9050000,26.1,29.7,1,1,,,1,2,4,,,,,,,,,,,,,,
2020,2020-02-26,15:30:00,2ª Eliminatória,Jogo Único,Estádio Barão da Serra Negra,,2303,4000,XV Piracicaba,Juventude,Tarcísio Pugliese,Marquinhos Santos,400000,3300000,30,30.5,1,1,,,1,7,8,,,,,,,,,,,,,,
2020,2020-02-26,19:30:00,2ª Eliminatória,Jogo Único,Estádio Governador Alberto Tavares Silva,,2439,44200,River-PI,América-RN,Marcelo Vilar,Roberto Fernandes,100000,500000,26.7,27.6,1,1,,,1,3,4,,,,,,,,,,,,,,
2020,2020-02-26,20:30:00,2ª Eliminatória,Jogo Único,Estádio Vianão,,1978,,Afogados,Atlético-MG,,,,,,,2,2,,,1,9,8,,,,,,,,,,,,,,
2020,2020-02-27,18:15:00,2ª Eliminatória,Jogo Único,Estádio Francisco Novelletto Neto,,501,10600,EC São José,Chapecoense,Everton Vanoni,Umberto Louzer,125000,3780000,27.8,25.3,0,0,,,1,5,4,,,,,,,,,,,,,,
2020,2020-02-27,20:30:00,2ª Eliminatória,Jogo Único,Estádio Moisés Lucarelli,,0,19728,Ponte Preta,Vila Nova FC,João Brigatti,Bolívar,6300000,200000,26.1,29.2,0,0,,,1,5,3,,,,,,,,,,,,,,
2020,2020-03-04,20:30:00,2ª Eliminatória,Jogo Único,Estádio Municipal Prefeito Dilzon Luiz de Melo,,5554,15471,Boa Esporte,Cruzeiro,Nedo Xavier,Adilson Batista,400000,8500000,27,26.4,1,1,,,1,4,5,,,,,,,,,,,,,,
2020,2020-03-04,20:30:00,2ª Eliminatória,Jogo Único,Estádio Antonio Accioly,,4887,13000,Atlético-GO,Santa Cruz,Eduardo Souza,Itamar Schulle,8000000,350000,26.5,27.4,1,1,,,1,4,3,,,,,,,,,,,,,,
2024,2024-02-20,15:30:00,1ª Eliminatória,Jogo Único,Estádio Municipal Aluízio Pinheiro Ferreira,,2294,7000,Porto Velho,Remo,,,,,,,1,0,,,0,,,,,,,,,,,,,,,,
2024,2024-02-20,19:00:00,1ª Eliminatória,Jogo Único,Estádio Zenor Pedrosa Rocha,,615,2000,Nova Venécia,Botafogo-SP,,,,,,,1,2,,,0,,,,,,,,,,,,,,,,
2024,2024-02-21,14:30:00,1ª Eliminatória,Jogo Único,Estádio Ciro Machado do Espírito Santo,,161,6875,Real Brasília,São Raimundo-RR,,,,,,,2,1,,,0,,,,,,,,,,,,,,,,
2024,2024-02-21,15:00:00,1ª Eliminatória,Jogo Único,Estádio Governador Alberto Tavares Silva,,873,44200,River-PI,Ypiranga-RS,,,,,,,1,1,,,0,,,,,,,,,,,,,,,,
2024,2024-02-21,15:30:00,1ª Eliminatória,Jogo Único,Estádio Carlos Zamith,,188,5000,Manauara,Retrô,Alan George,Roberto Fernandes,100000,600000,28.5,29,1,2,,,0,,,,,,,,,,,,,,,,
2024,2024-02-21,18:15:00,1ª Eliminatória,Jogo Único,Estádio Municipal Governador Antônio Mariz,,2930,5400,Sousa,Cruzeiro,,,,,,,2,0,,,0,,,,,,,,,,,,,,,,
2024,2024-02-21,18:30:00,1ª Eliminatória,Jogo Único,Estádio Elcyr Resende de Mendonça,,194,6000,Audax-RJ,Portuguesa-RJ,,,,,,,0,0,,,0,,,,,,,,,,,,,,,,
2024,2024-02-21,18:30:00,1ª Eliminatória,Jogo Único,Estádio Etelvino Mendonça,,1587,12000,Itabaiana,Brasiliense-DF,,,,,,,0,1,,,0,,,,,,,,,,,,,,,,
2024,2024-02-21,18:30:00,1ª Eliminatória,Jogo Único,Estádio Presidente Vargas,,6549,8800,Treze,ABC FC,,,,,,,1,1,,,0,,,,,,,,,,,,,,,,
2024,2024-02-21,18:30:00,1ª Eliminatória,Jogo Único,Estádio Jonas Duarte,,3509,20000,Anápolis,Tombense,,,,,,,1,0,,,0,,,,,,,,,,,,,,,,
2024,2024-02-21,19:00:00,1ª Eliminatória,Jogo Único,Estádio Municipal Nhozinho Santos,,1388,16500,Moto Club-MA,EC Bahia,Tuca Guimarães,Rogério Ceni,50000,28800000,26.9,29.2,0,4,,,0,,,,,,,,,,,,,,,,
2024,2024-02-21,19:30:00,1ª Eliminatória,Jogo Único,Estádio 19 de Outubro,,2239,8000,São Luiz,Ituano,Alessandro Telles,Marcinho,325000,1850000,29.1,26,2,1,,,0,,,,,,,,,,,,,,,,
2024,2024-02-21,19:30:00,1ª Eliminatória,Jogo Único,Estádio Milton de Souza Corrêa,,1994,10000,Independente-AP,Amazonas,,,,,,,0,1,,,0,,,,,,,,,,,,,,,,
2024,2024-02-21,19:30:00,1ª Eliminatória,Jogo Único,Laerte Pais Coelho,,945,5000,Costa Rica,América-RN,,,,,,,1,2,,,0,,,,,,,,,,,,,,,,
2024,2024-02-21,19:30:00,1ª Eliminatória,Jogo Único,Estádio Nilton Santos,,1792,12000,Capital-TO,Tocantinópolis,,,,,,,2,1,,,0,,,,,,,,,,,,,,,,
2024,2024-02-21,20:30:00,1ª Eliminatória,Jogo Único,Arena Acreana,,2596,,Rio Branco-AC,CRB,,,,,,,0,0,,,0,,,,,,,,,,,,,,,,
2024,2024-02-22,16:30:00,1ª Eliminatória,Jogo Único,Estádio Municipal Engenheiro Luthero Lopes,,5841,,U. Rondonópolis,Atlético-GO,,,,,,,1,3,,,0,,,,,,,,,,,,,,,,
2024,2024-02-22,16:30:00,1ª Eliminatória,Jogo Único,Estádio José Olimpio da Rocha,,695,,Real Noroeste,Cuiabá-MT,,,,,,,1,4,,,0,,,,,,,,,,,,,,,,
2024,2024-02-22,19:00:00,1ª Eliminatória,Jogo Único,Estádio Olimpico Albino Turbay,,11574,,Cianorte,Corinthians,Zé Roberto,Toni Oliveira,150000,30350000,25.1,28.1,0,3,,,0,,,,,,,,,,,,,,,,
2024,2024-02-22,19:00:00,1ª Eliminatória,Jogo Único,Estádio Municipal Zinho de Oliveira,,2040,5000,Águia de Marabá,Coritiba FC,,,,,,,3,2,,,0,,,,,,,,,,,,,,,,
2024,2024-02-27,18:15:00,1ª Eliminatória,Jogo Único,Estádio Joaquim Portugal,,2891,3500,Athletic,Volta Redonda,,,,,,,1,0,,,0,,,,,,,,,,,,,,,,
2024,2024-02-27,19:00:00,1ª Eliminatória,Jogo Único,Estádio Antônio Moreno de Mello,,2617,3600,Iguatu,Juventude,,,,,,,0,0,,,0,,,,,,,,,,,,,,,,
2024,2024-02-27,20:30:00,1ª Eliminatória,Jogo Único,Estádio Doutor Hercílio Luz,,6886,,Marcílio Dias,Vasco da Gama,Waguinho Dias,Ramón Díaz,125000,26250000,30,28.6,1,3,,,0,,,,,,,,,,,,,,,,
2024,2024-02-28,14:30:00,1ª Eliminatória,Jogo Único,Estádio Antônio Mourão Vieira Filho,,999,12000,Olaria,São Bernardo,,,,,,,0,1,,,0,,,,,,,,,,,,,,,,
2024,2024-02-28,18:15:00,1ª Eliminatória,Jogo Único,Estádio Regional Willie Davids,,5899,20000,Maringá,América-MG,Jorge Castilho,Cauan de Almeida,450000,6250000,26.8,28.6,2,0,,,0,,,,,,,,,,,,,,,,
2024,2024-02-28,18:30:00,1ª Eliminatória,Jogo Único,Estádio Municipal Nhozinho Santos,,434,,Maranhão,Ferroviário,,,,,,,1,2,,,0,,,,,,,,,,,,,,,,
2024,2024-02-28,18:30:00,1ª Eliminatória,Jogo Único,Estádio Mário Pessoa,,736,7000,Itabuna,Nova Iguaçu-RJ,,,,,,,0,8,,,0,,,,,,,,,,,,,,,,
2024,2024-02-28,18:30:00,1ª Eliminatória,Jogo Único,Estádio Paulo Coelho,,2379,3000,Petrolina,Cascavel-PR,William Lima,Matheus Costa,200000,100000,29.6,29.7,3,2,,,0,,,,,,,,,,,,,,,,
2024,2024-02-28,18:30:00,1ª Eliminatória,Jogo Único,Estádio José Gomes da Costa,,1044,4000,Murici,Confiança,Alyson Dantas,Paulo Massaro,50000,575000,29.3,30.2,2,1,,,0,,,,,,,,,,,,,,,,
2024,2024-02-28,18:30:00,1ª Eliminatória,Jogo Único,Castor Cifuentes,,1062,5000,Villa Nova,Aparecidense,Vinícius Munhoz,Lúcio Flávio,700000,1150000,25.1,25.5,1,0,,,0,,,,,,,,,,,,,,,,
2024,2024-02-28,19:00:00,1ª Eliminatória,Jogo Único,Estádio Municipal Coaracy da Mata Fonseca,,1044,7500,ASA,Internacional,,,,,,,0,2,,,0,,,,,,,,,,,,,,,,
2024,2024-02-28,19:30:00,1ª Eliminatória,Jogo Único,Estádio Ulrico Mursa,,4689,7635,Portuguesa-SP,Caxias-RS,Sérgio Guedes,Argel Fuchs,50000,350000,27.6,29.2,0,1,,,0,,,,,,,,,,,,,,,,
2024,2024-02-28,19:30:00,1ª Eliminatória,Jogo Único,Estádio Flamarion Vasconcelos,,101,5000,GA Sampaio-RR,Brusque,Paulo Morgado,Luizinho Lopes,200000,850000,26.6,31.7,0,1,,,0,,,,,,,,,,,,,,,,
2024,2024-02-28,19:30:00,1ª Eliminatória,Jogo Único,Estádio José Batista Pereira Fernandes,,1930,8075,Água Santa-SP,Jacuipense-BA,,,,,,,2,1,,,0,,,,,,,,,,,,,,,,
2024,2024-02-28,20:30:00,1ª Eliminatória,Jogo Único,Estádio Milton de Souza Corrêa,,1938,,Trem,Sport Recife,,,,,,,0,4,,,0,,,,,,,,,,,,,,,,
2024,2024-02-28,20:30:00,1ª Eliminatória,Jogo Único,Estádio Jacques da Luz,,2691,4500,Operário-MS,Operário-PR,,,,,,,0,0,,,0,,,,,,,,,,,,,,,,
2024,2024-02-28,20:30:00,1ª Eliminatória,Jogo Único,Arena Acreana,,1187,,Humaitá,Sampaio-MA,,,,,,,1,1,,,0,,,,,,,,,,,,,,,,
2024,2024-02-28,20:30:00,1ª Eliminatória,Jogo Único,Estádio Municipal Vereador Benedito Laurindo de Souza ou Estádio Dito ,,940,2600,Operário VG,Criciúma EC,,,,,,,0,0,,,0,,,,,,,,,,,,,,,,
2024,2024-02-29,20:30:00,1ª Eliminatória,Jogo Único,Estádio José de Abreu Bianco,,3828,5000,Ji-Paraná,Paysandu,,,,,,,0,0,,,0,,,,,,,,,,,,,,,,
2023,2023-04-25,20:00:00,3ª Eliminatória ,Jogos De Volta,Estádio Raimundo Sampaio,,21675,24927,Cruzeiro,Náutico,Pepa,Dado Cavalcanti,16300000,1700000,29.2,28.7,2,0,,,0,,,,,,,,,,,,,,,,
2023,2023-04-25,21:00:00,3ª Eliminatória ,Jogos De Volta,Estádio Estadual Jornalista Edgar Augusto Proença,,32681,45200,Paysandu,Fluminense,Márcio Fernandes,Fernando Diniz,1200000,36950000,28.7,30.7,0,3,,,0,,,,,,,,,,,,,,,,
2023,2023-04-25,22:30:00,3ª Eliminatória ,Jogos De Volta,Estádio Municipal Doutor Novelli Júnior,,9829,18560,Ituano,São Paulo,Gilmar Pozzo,Dorival Júnior,1800000,30000000,29,27.2,0,1,,,0,,,,,,,,,,,,,,,,
2023,2023-04-26,20:00:00,3ª Eliminatória ,Jogos De Volta,Estádio Urbano Caldeira,,1788,20120,Santos,Botafogo-SP,Odair Hellmann,Adilson Batista,41100000,1580000,26.5,26.4,1,0,,,0,,,,,,,,,,,,,,,,
2023,2023-04-26,20:00:00,3ª Eliminatória ,Jogos De Volta,Estádio Adelmar da Costa Carvalho,,23105,35000,Sport Recife,Coritiba FC,Enderson Moreira,Antônio Carlos Zago,4500000,15000000,28.5,27.7,2,0,,,0,,,,,,,,,,,,,,,,
2023,2023-04-26,20:30:00,3ª Eliminatória ,Jogos De Volta,Estádio Bento Mendes de Freitas,,7309,21000,Brasil Pelotas,Atlético-MG,Rogério Zimermann,Eduardo Coudet,1050000,25600000,30,31.4,1,1,,,0,,,,,,,,,,,,,,,,
2023,2023-04-26,20:30:00,3ª Eliminatória ,Jogos De Volta,Estádio Estadual Jornalista Edgar Augusto Proença,,1478,45000,Águia de Marabá,Fortaleza,Mathaus Sodré,Juan Pablo Vojvoda,50000,14700000,27.9,28,0,2,,,0,,,,,,,,,,,,,,,,
2023,2023-04-26,21:00:00,3ª Eliminatória ,Jogos De Volta,Estádio Municipal Parque do Sabiá,,22888,53500,Tombense,Palmeiras,Marcelo Chamusca,Abel Ferreira,2900000,39950000,26.9,25.5,1,1,,,0,,,,,,,,,,,,,,,,
2023,2023-04-26,22:30:00,3ª Eliminatória ,Jogos De Volta,Estádio Jornalista Mário Filho,,53753,78838,Flamengo,Maringá,Jorge Sampaoli,Jorge Castilho,93250000,350000,28,27.6,8,2,,,0,,,,,,,,,,,,,,,,
2023,2023-04-26,22:30:00,3ª Eliminatória ,Jogos De Volta,Estádio Raimundo Sampaio,,1463,25000,América-MG,Nova Iguaçu,Vagner Mancini,Carlos Vitor,13300000,10000,28.5,28.1,5,0,,,0,,,,,,,,,,,,,,,,
2023,2023-04-27,20:00:00,3ª Eliminatória ,Jogos De Volta,Arena Fonte Nova,,20253,47364,EC Bahia,Volta Redonda,Renato Paiva,Rogério Corrêa,21850000,100000,26.4,26.3,4,0,,,0,,,,,,,,,,,,,,,,
2023,2023-04-27,20:30:00,3ª Eliminatória ,Jogos De Volta,Estádio Olímpico Nilton Santos,,11088,46931,Botafogo,Ypiranga-RS,Luís Castro,Luizinho Vieira,26400000,1750000,25.6,27.1,2,0,,,0,,,,,,,,,,,,,,,,
2023,2023-04-27,22:30:00,3ª Eliminatória ,Jogos De Volta,Arena do Grêmio,,17742,60540,Grêmio,ABC FC,Renato Portaluppi,Fernando Marchiori,24300000,1200000,27.5,26.9,1,1,,,0,,,,,,,,,,,,,,,,
2023,2023-04-11,17:30:00,3ª Eliminatória ,Jogos De Ida,Estádio General Sylvio Raulino de Oliveira,,2249,18230,Volta Redonda,EC Bahia,,,,,,,1,2,,,0,,,,,,,,,,,,,,,,
2023,2023-04-11,21:00:00,3ª Eliminatória ,Jogos De Ida,Estádio Beira-Rio,,19024,56000,Internacional,CSA,Mano Menezes,Vinícius Bergantin,31250000,3350000,29.3,27.2,2,1,,,0,,,,,,,,,,,,,,,,
2023,2023-04-11,22:30:00,3ª Eliminatória ,Jogos De Ida,Estádio Governador Plácido Castelo,,15865,60326,Fortaleza,Águia de Marabá,Juan Pablo Vojvoda,Mathaus Sodré,13900000,50000,28,29.9,6,1,,,0,,,,,,,,,,,,,,,,
2023,2023-04-12,17:30:00,3ª Eliminatória ,Jogos De Ida,Estádio Jânio Moraes,,510,1810,Nova Iguaçu,América-MG,,,,,,,1,2,,,0,,,,,,,,,,,,,,,,
2023,2023-04-12,20:00:00,3ª Eliminatória ,Jogos De Ida,Estádio Major Antônio Couto Pereira,,31596,40502,Coritiba FC,Sport Recife,Toni Oliveira,Enderson Moreira,21100000,5680000,27.2,30,3,3,,,0,,,,,,,,,,,,,,,,
2023,2023-04-12,20:30:00,3ª Eliminatória ,Jogos De Ida,Estádio Rei Pelé,,8901,20000,CRB,Athletico-PR,Umberto Louzer,Paulo Turra,4300000,53600000,32.2,25.9,1,0,,,0,,,,,,,,,,,,,,,,
2023,2023-04-12,22:30:00,3ª Eliminatória ,Jogos De Ida,Estádio Estadual Jornalista Edgar Augusto Proença,,42599,45792,Remo,Corinthians,Marcelo Cabo,Fernando Lázaro,1630000,48400000,30.9,28.3,2,0,,,0,,,,,,,,,,,,,,,,
2023,2023-04-12,22:30:00,3ª Eliminatória ,Jogos De Ida,Estádio Olímpico Colosso da Lagoa,,4964,22000,Ypiranga-RS,Botafogo,Luizinho Vieira,Luís Castro,950000,26700000,27.1,29.5,0,2,,,0,,,,,,,,,,,,,,,,
2023,2023-04-13,20:00:00,3ª Eliminatória ,Jogos De Ida,Estádio Eládio de Barros Carvalho,,6435,19800,Náutico,Cruzeiro,Dado Cavalcanti,Pepa,1800000,20900000,29.8,28.7,1,0,,,0,,,,,,,,,,,,,,,,
2023,2023-04-13,21:00:00,3ª Eliminatória ,Jogos De Ida,Estádio Regional Willie Davids,,14282,20000,Maringá,Flamengo,Jorge Castilho,Mário Jorge,1100000,95100000,27,28.9,2,0,,,0,,,,,,,,,,,,,,,,
2023,2023-04-13,22:30:00,3ª Eliminatória ,Jogos De Ida,Estádio Maria Lamas Farache,,15036,18017,ABC FC,Grêmio,Fernando Marchiori,Renato Portaluppi,1050000,21800000,29.5,28.5,0,2,,,0,,,,,,,,,,,,,,,,
2023,2023-03-07,20:00:00,2ª Eliminatória,Jogo Único,Estádio Bento Mendes de Freitas,,8037,21000,Brasil Pelotas,Ponte Preta,Rogério Zimermann,Hélio dos Anjos,1050000,4100000,29.6,26,2,0,,,0,,,,,,,,,,,,,,,,
2023,2023-03-08,19:00:00,2ª Eliminatória,Jogo Único,Estádio Municipal Roberto Santos Garcia,,3898,4500,Camboriú,EC Bahia,Júnior Lopes,Renato Paiva,450000,17650000,29.3,25.6,0,1,,,0,,,,,,,,,,,,,,,,
2023,2023-03-08,20:00:00,2ª Eliminatória,Jogo Único,Estádio Evandro Almeida,,13290,,Remo,São Luiz,Marcelo Cabo,Fabiano Daitx,1150000,150000,29.6,30.2,2,1,,,0,,,,,,,,,,,,,,,,
2023,2023-03-08,21:30:00,2ª Eliminatória,Jogo Único,Estádio Soares de Azevedo,,301,3500,Tombense,Retrô,Marcelo Chamusca,Humberto Targino,2350000,1150000,29.7,29.7,1,0,,,0,,,,,,,,,,,,,,,,
2023,2023-03-09,19:00:00,2ª Eliminatória,Jogo Único,Estádio Eládio de Barros Carvalho,,8345,,Náutico,Vila Nova FC,Dado Cavalcanti,Claudinei Oliveira,1450000,2900000,28.5,30.1,2,1,,,0,,,,,,,,,,,,,,,,
2023,2023-03-09,20:00:00,2ª Eliminatória,Jogo Único,Estádio Santa Cruz,,9383,29292,Botafogo-SP,São Raimundo-RR,,,,,,,3,1,,,0,,,,,,,,,,,,,,,,
2023,2023-03-09,21:30:00,2ª Eliminatória,Jogo Único,Estádio Urbano Caldeira,,0,20120,Santos,Iguatu,,,,,,,3,0,,,0,,,,,,,,,,,,,,,,
2023,2023-03-14,19:00:00,2ª Eliminatória,Jogo Único,Estádio Regional Willie Davids,,9689,20000,Maringá,Marcílio Dias,Jorge Castilho,Rogélio,1250000,325000,26.3,27.9,2,0,,,0,,,,,,,,,,,,,,,,
2023,2023-03-14,21:30:00,2ª Eliminatória,Jogo Único,Estádio Raimundo Sampaio,,2590,25000,América-MG,Santa Cruz,Vagner Mancini,Ranielle Ribeiro,6650000,1200000,30.6,30.9,1,0,,,0,,,,,,,,,,,,,,,,
2023,2023-03-15,15:30:00,2ª Eliminatória,Jogo Único,Estádio Jânio Moraes,,999,1810,Nova Iguaçu,Nova Mutum,Carlos Vitor,Mário Roberto,10000,75000,27.1,26,5,2,,,0,,,,,,,,,,,,,,,,
2023,2023-03-15,19:30:00,2ª Eliminatória,Jogo Único,Estádio Rei Pelé,,8734,20000,CRB,Operário-MS,Umberto Louzer,Celso Rodrigues,4150000,10000,32.3,31.2,5,0,,,0,,,,,,,,,,,,,,,,
2023,2023-03-15,20:00:00,2ª Eliminatória,Jogo Único,Estádio Estadual Kléber José de Andrade,,3869,21931,Botafogo,Brasiliense,Luís Castro,Roberto Cavalo,19750000,300000,29.2,27.7,7,1,,,0,,,,,,,,,,,,,,,,
2023,2023-03-16,19:00:00,2ª Eliminatória,Jogo Único,Estádio Rei Pelé,,6643,20000,CSA,Brusque,Vinícius Bergantin,Luizinho Lopes,2900000,1700000,29.2,30.3,1,0,,,0,,,,,,,,,,,,,,,,
2023,2023-03-16,20:00:00,2ª Eliminatória,Jogo Único,Arena do Grêmio,,26421,60540,Grêmio,Ferroviário,Renato Portaluppi,Paulinho Kobayashi,20700000,175000,29.3,30,3,0,,,0,,,,,,,,,,,,,,,,
2023,2023-02-21,19:00:00,1ª Eliminatória,Jogo Único,Estádio Doutor Hercílio Luz,,4418,6010,Marcílio Dias,Chapecoense,Rogerio Correa,Bruno Pivetti,250000,3300000,26.2,26.5,1,0,,,0,,,,,,,,,,,,,,,,
2023,2023-02-22,16:00:00,1ª Eliminatória,Jogo Único,Estádio Estadual Lourival Baptista,,193,14000,Falcon,Volta Redonda,,,,,,,1,3,,,0,,,,,,,,,,,,,,,,
2023,2023-02-22,17:00:00,1ª Eliminatória,Jogo Único,Estádio Municipal Valdir Doilho Wons,,618,1200,Nova Mutum,Londrina-PR,Mário Roberto,Omar Feitosa,75000,1800000,25.8,29.2,4,2,,,0,,,,,,,,,,,,,,,,
2023,2023-02-22,19:00:00,1ª Eliminatória,Jogo Único,Estádio Municipal Raimundo de Oliveira,,150,7800,Caucaia-CE,Tombense,,,,,,,0,0,,,0,,,,,,,,,,,,,,,,
2023,2023-02-22,19:00:00,1ª Eliminatória,Jogo Único,Estádio Flamarion Vasconcelos,,2150,5000,São Raimundo-RR,Cuiabá-MT,,,,,,,4,3,,,0,,,,,,,,,,,,,,,,
2023,2023-02-22,20:00:00,1ª Eliminatória,Jogo Único,Estádio Municipal Bento de Abreu Sampaio Vidal,,4113,15010,Marília,Brusque,,,,,,,0,0,,,0,,,,,,,,,,,,,,,,
2023,2023-02-22,21:00:00,1ª Eliminatória,Jogo Único,Estádio Antônio Aquino Lopes,,577,,São Francisco,Ypiranga-RS,,,,,,,1,1,,,0,,,,,,,,,,,,,,,,
2023,2023-02-23,19:00:00,1ª Eliminatória,Jogo Único,Arena Acreana,,1389,20000,Humaitá,Coritiba FC,Álvaro Miguéis,Toni Oliveira,150000,15000000,29.7,27.5,0,3,,,0,,,,,,,,,,,,,,,,
2023,2023-02-23,19:00:00,1ª Eliminatória,Jogo Único,Estádio 19 de Outubro,,1831,8000,São Luiz,Juventude,Fabiano Daitx,Celso Roth,150000,4950000,30.7,26.3,1,0,,,0,,,,,,,,,,,,,,,,
2023,2023-02-23,20:00:00,1ª Eliminatória,Jogo Único,Estádio Elmo Serejo Farias,,3484,30000,Ceilândia,Santos,,,,,,,0,1,,,0,,,,,,,,,,,,,,,,
2023,2023-02-23,21:30:00,1ª Eliminatória,Jogo Único,Estádio Salvador Venâncio da Costa,,1858,3000,Vitória-ES,Remo,,,,,,,0,1,,,0,,,,,,,,,,,,,,,,
2023,2023-02-23,21:30:00,1ª Eliminatória,Jogo Único,Estádio Nacional de Brasília Mané Garrincha,,9956,72000,Trem,Vasco da Gama,,,,,,,0,4,,,0,,,,,,,,,,,,,,,,
2023,2023-02-28,15:30:00,1ª Eliminatória,Jogo Único,Estádio do Trabalhador,,890,10000,Resende,Ferroviário,Sandro Sargentim,Paulinho Kobayashi,75000,175000,24.7,30.3,1,2,,,0,,,,,,,,,,,,,,,,
2023,2023-02-28,19:30:00,1ª Eliminatória,Jogo Único,Estádio Senador João Ribeiro,,2297,8000,Tocantinópolis,América-MG,,,,,,,1,1,,,0,,,,,,,,,,,,,,,,
2023,2023-02-28,19:30:00,1ª Eliminatória,Jogo Único,Estádio José Mammoud Abbas,,5255,8675,Democrata GV,Santa Cruz,,,,,,,1,1,,,0,,,,,,,,,,,,,,,,
2023,2023-02-28,20:00:00,1ª Eliminatória,Jogo Único,Estádio José Olimpio da Rocha,,629,,Real Noroeste,Vila Nova FC,,,,,,,1,1,,,0,,,,,,,,,,,,,,,,
2023,2023-02-28,21:30:00,1ª Eliminatória,Jogo Único,Estádio Lindolfo Monteiro,,759,,Fluminense-PI,Ponte Preta,,,,,,,0,4,,,0,,,,,,,,,,,,,,,,
2023,2023-03-01,15:30:00,1ª Eliminatória,Jogo Único,Estádio Jânio Moraes,,878,1810,Nova Iguaçu,EC Vitória,,,,,,,2,0,,,0,,,,,,,,,,,,,,,,
2023,2023-03-01,15:30:00,1ª Eliminatória,Jogo Único,Estádio Francisco Vasques,,629,6000,Tuna Luso,CSA,Josué Teixeira,Vinícius Bergantin,400000,1950000,27.6,27.3,0,1,,,0,,,,,,,,,,,,,,,,
2023,2023-03-01,19:00:00,1ª Eliminatória,Jogo Único,Estádio Leandro Cláudio da Silva,,996,,Cordino,Brasil Pelotas,,,,,,,0,2,,,0,,,,,,,,,,,,,,,,
2023,2023-03-01,19:00:00,1ª Eliminatória,Jogo Único,Estádio Municipal Antônio de Figueiredo Carneiro,,1991,,Atl. Alagoinhas,Atlético-GO,Rodrigo Chagas,Eduardo Souza,250000,7100000,28.9,25.5,0,0,,,0,,,,,,,,,,,,,,,,
2023,2023-03-01,19:00:00,1ª Eliminatória,Jogo Único,,,230,,Tuntum,ABC FC,Dejair Ferreira,Fernando Marchiori,250000,1150000,26.3,30.9,0,5,,,0,,,,,,,,,,,,,,,,
2023,2023-03-01,19:00:00,1ª Eliminatória,Jogo Único,Arena Cajueiro,,2466,4000,AD Bahia-BA,RB Bragantino,,,,,,,1,1,,,0,,,,,,,,,,,,,,,,
2023,2023-03-01,19:00:00,1ª Eliminatória,Jogo Único,Estádio Municipal Coaracy da Mata Fonseca,,5525,7500,ASA,Goiás,Evaristo Piza,Guto Ferreira,100000,10150000,30.7,28.2,1,1,,,0,,,,,,,,,,,,,,,,
2023,2023-03-01,20:00:00,1ª Eliminatória,Jogo Único,Estádio Municipal Engenheiro Luthero Lopes,,2300,,U. Rondonópolis,CRB,,,,,,,0,1,,,0,,,,,,,,,,,,,,,,
2023,2023-03-01,20:00:00,1ª Eliminatória,Jogo Único,Estádio Renato Cunha Lima,,9122,,Campinense-PB,Grêmio,Leston Júnior,Renato Portaluppi,450000,21900000,28.2,28.6,0,2,,,0,,,,,,,,,,,,,,,,
2023,2023-03-01,20:00:00,1ª Eliminatória,Jogo Único,Estádio Municipal Roberto Santos Garcia,,1468,,Camboriú,Manaus FC,Júnior Lopes,Higo Magalhães,550000,250000,29.6,30.6,1,0,,,0,,,,,,,,,,,,,,,,
2023,2023-03-01,20:00:00,1ª Eliminatória,Jogo Único,Estádio Municipal Pedro Alelaf,,3082,,Parnahyba,Botafogo-SP,,,,,,,0,0,,,0,,,,,,,,,,,,,,,,
2023,2023-03-01,20:00:00,1ª Eliminatória,Jogo Único,Estádio Primeiro de Maio,,3179,16000,São Bernardo,Náutico,Márcio Zanardi,Dado Cavalcanti,1700000,1550000,31,28.4,0,1,,,0,,,,,,,,,,,,,,,,
2023,2023-03-01,20:00:00,1ª Eliminatória,Jogo Único,Estádio Joaquim Portugal,,2153,3500,Athletic,Brasiliense,Roger Silva,Alan George,1050000,300000,25.2,29.6,1,1,,,0,,,,,,,,,,,,,,,,
2023,2023-03-01,21:00:00,1ª Eliminatória,Jogo Único,Estádio Jacques da Luz,,2430,,Operário-MS,Operário-PR,Celso Rodrigues,Rafael Guanaes,10000,2400000,31,29.6,1,0,,,0,,,,,,,,,,,,,,,,
2023,2023-03-01,21:00:00,1ª Eliminatória,Jogo Único,Estádio Olímpico Municipal Gilberto Mestrinho,,4336,,Princesa-AM,Ituano,,,,,,,0,0,,,0,,,,,,,,,,,,,,,,
2023,2023-03-01,21:30:00,1ª Eliminatória,Jogo Único,Itaipava Arena Pernambuco,,1319,,Retrô,Avaí FC,Humberto Targino,Alex,1150000,3650000,29.6,25.8,3,2,,,0,,,,,,,,,,,,,,,,
2023,2023-03-01,21:30:00,1ª Eliminatória,Jogo Único,Estádio Governador Roberto Santos,,2638,31677,Jacuipense-BA,EC Bahia,Jonilson Veloso,Renato Paiva,50000,16100000,29.4,25.8,1,4,,,0,,,,,,,,,,,,,,,,
2023,2023-03-01,21:30:00,1ª Eliminatória,Jogo Único,Estádio Doutor Ronaldo Junqueira,,1392,7250,Caldense,Ceará SC,,,,,,,0,3,,,0,,,,,,,,,,,,,,,,
2023,2023-03-02,16:00:00,1ª Eliminatória,Jogo Único,Estádio Municipal Zinho de Oliveira,,1613,5000,Águia de Marabá,Botafogo-PB,,,,,,,2,1,,,0,,,,,,,,,,,,,,,,
2023,2023-03-02,16:30:00,1ª Eliminatória,Jogo Único,Estádio Municipal Gentil Valério,,800,5000,Real Ariquemes,Criciúma EC,,,,,,,0,3,,,0,,,,,,,,,,,,,,,,
2023,2023-03-02,19:15:00,1ª Eliminatória,Jogo Único,Morenão,,1194,,Iguatu,América-RN,,,,,,,1,0,,,0,,,,,,,,,,,,,,,,
2023,2023-03-02,20:00:00,1ª Eliminatória,Jogo Único,Estádio Regional Willie Davids,,7845,,Maringá,Sampaio Corrêa,Jorge Castilho,Felipe Conceição,1150000,1200000,27.4,28.1,2,1,,,0,,,,,,,,,,,,,,,,
2023,2023-03-02,20:00:00,1ª Eliminatória,Jogo Único,Estádio Estadual Lourival Baptista,,9500,14000,Sergipe,Botafogo,Rafael Jaques,Luís Castro,250000,25750000,30,27.8,1,1,,,0,,,,,,,,,,,,,,,,
2022,2022-05-10,19:00:00,3ª Eliminatória ,Jogos De Volta,Estádio Raimundo Sampaio,,1898,25000,América-MG,CSA,Vagner Mancini,Mozart,8100000,2880000,29.8,30.4,2,0,,,0,,,,,,,,,,,,,,,,
2022,2022-05-10,21:30:00,3ª Eliminatória ,Jogos De Volta,Ligga Arena,,10984,42372,Athletico-PR,Tocantinópolis,,,,,,,4,0,,,0,,,,,,,,,,,,,,,,
2022,2022-05-11,19:00:00,3ª Eliminatória ,Jogos De Volta,Estádio Municipal Jacy Scaff,,26000,35018,Juazeirense,Palmeiras,,,,,,,1,2,,,0,,,,,,,,,,,,,,,,
2022,2022-05-11,19:00:00,3ª Eliminatória ,Jogos De Volta,Estádio Governador Plácido Castelo,,13305,60326,Ceará SC,Tombense,Dorival Júnior,Hemerson Maria,9650000,825000,28.5,26.3,2,0,,,0,,,,,,,,,,,,,,,,
2022,2022-05-11,19:30:00,3ª Eliminatória ,Jogos De Volta,Estádio General Sylvio Raulino de Oliveira,,13077,18230,Flamengo,Altos,Paulo Sousa,Francisco Diá,63800000,300000,26.3,30.2,2,0,,,0,,,,,,,,,,,,,,,,
2022,2022-05-11,21:30:00,3ª Eliminatória ,Jogos De Volta,Estádio do Governo do Estado de Goiás,,29631,50049,Vila Nova FC,Fluminense,Higo Magalhães,Fernando Diniz,4500000,34600000,29.5,29.5,0,2,,,0,,,,,,,,,,,,,,,,
2022,2022-05-11,21:30:00,3ª Eliminatória ,Jogos De Volta,Neo Química Arena ,,35081,49205,Corinthians,Portuguesa-RJ,,,,,,,2,0,,,0,,,,,,,,,,,,,,,,
2022,2022-05-12,19:00:00,3ª Eliminatória ,Jogos De Volta,Estádio Manoel Barradas,,2405,35632,EC Vitória,Fortaleza,Fabiano Soares,Juan Pablo Vojvoda,1750000,13050000,26.1,28.4,0,1,,,0,,,,,,,,,,,,,,,,
2022,2022-05-12,19:30:00,3ª Eliminatória ,Jogos De Volta,Estádio Cícero Pompeu de Toledo,,14806,72039,São Paulo,Juventude,Rogério Ceni,Eduardo Baptista,26100000,8030000,28,27.5,2,0,,,0,,,,,,,,,,,,,,,,
2022,2022-05-12,21:30:00,3ª Eliminatória ,Jogos De Volta,Estádio Olímpico Nilton Santos,,18648,46931,Botafogo,Ceilândia,Luís Castro,Adelson de Almeida,32150000,100000,26.7,26.5,3,0,,,0,,,,,,,,,,,,,,,,
2022,2022-05-12,21:30:00,3ª Eliminatória ,Jogos De Volta,Estádio Urbano Caldeira,,13692,20120,Santos,Coritiba FC,Fabián Bustos,Gustavo Morínigo,29700000,7650000,25.9,29.1,3,0,,,0,,,,,,,,,,,,,,,,
2022,2022-05-22,19:00:00,3ª Eliminatória ,Jogos De Volta,Estádio Estadual Kléber José de Andrade,,5675,21000,Brasiliense,Atlético-MG,,,,,,,0,1,,,0,,,,,,,,,,,,,,,,
2022,2022-04-19,18:00:00,3ª Eliminatória ,Jogos De Ida,Estádio Rei Pelé,,6483,20000,CSA,América-MG,Mozart,Vagner Mancini,2650000,10150000,30.1,31.3,0,3,,,0,,,,,,,,,,,,,,,,
2022,2022-04-19,18:30:00,3ª Eliminatória ,Jogos De Ida,Arena Fonte Nova,,12279,55000,EC Bahia,Azuriz,Guto Ferreira,Fabiano Daitx,8700000,425000,25.5,24.8,0,0,,,0,,,,,,,,,,,,,,,,
2022,2022-04-19,20:30:00,3ª Eliminatória ,Jogos De Ida,Estádio Evandro Almeida,,12577,13792,Remo,Cruzeiro,Paulo Bonamigo,Paulo Pezzolano,1300000,7350000,30.5,27.9,2,1,,,0,,,,,,,,,,,,,,,,
2022,2022-04-19,20:30:00,3ª Eliminatória ,Jogos De Ida,Estádio Jornalista Mário Filho,,10046,82238,Fluminense,Vila Nova FC,Abel Braga,Higo Magalhães,33300000,4600000,29.7,30.2,3,2,,,0,,,,,,,,,,,,,,,,
2022,2022-04-20,18:00:00,3ª Eliminatória ,Jogos De Ida,Estádio Serra Dourada,,12562,14525,Goiás,RB Bragantino,Jair Ventura,Maurício Barbieri,8500000,44000000,28,23.6,1,2,,,0,,,,,,,,,,,,,,,,
2022,2022-04-20,18:00:00,3ª Eliminatória ,Jogos De Ida,Estádio Governador Plácido Castelo,,18100,60326,Fortaleza,EC Vitória,Juan Pablo Vojvoda,Geninho,13850000,2450000,28.5,26.8,3,0,,,0,,,,,,,,,,,,,,,,
2022,2022-04-20,18:00:00,3ª Eliminatória ,Jogos De Ida,Estádio Governador Magalhães Pinto,,20062,53018,Atlético-MG,Brasiliense,Antonio Mohamed,Celso Teixeira,62500000,100000,27.6,31.7,3,0,,,0,,,,,,,,,,,,,,,,
2022,2022-04-20,18:00:00,3ª Eliminatória ,Jogos De Ida,Estádio Senador João Ribeiro,,5594,8000,Tocantinópolis,Athletico-PR,,,,,,,2,5,,,0,,,,,,,,,,,,,,,,
2022,2022-04-20,18:30:00,3ª Eliminatória ,Jogos De Ida,Estádio Major Antônio Couto Pereira,,22381,37182,Coritiba FC,Santos,Gustavo Morínigo,Fabián Bustos,8800000,34900000,27.7,25.7,1,0,,,0,,,,,,,,,,,,,,,,
2022,2022-04-20,18:30:00,3ª Eliminatória ,Jogos De Ida,Estádio Alfredo Jaconi ,,6092,23726,Juventude,São Paulo,Eduardo Baptista,Rogério Ceni,7800000,29100000,27.9,27.7,2,2,,,0,,,,,,,,,,,,,,,,
2022,2022-04-20,20:30:00,3ª Eliminatória ,Jogos De Ida,Estádio Soares de Azevedo,,1391,13500,Tombense,Ceará SC,Hemerson Maria,Dorival Júnior,1630000,7200000,26.7,27,0,2,,,0,,,,,,,,,,,,,,,,
2022,2022-04-20,20:30:00,3ª Eliminatória ,Jogos De Ida,Estádio Municipal Jacy Scaff,,17195,49205,Portuguesa-RJ,Corinthians,,,,,,,1,1,,,0,,,,,,,,,,,,,,,,
2022,2022-04-20,20:30:00,3ª Eliminatória ,Jogos De Ida,Estádio Nacional de Brasília Mané Garrincha,,28110,72000,Ceilândia,Botafogo,Adelson de Almeida,Luís Castro,100000,31930000,28.2,25.5,0,3,,,0,,,,,,,,,,,,,,,,
2022,2022-04-21,20:30:00,3ª Eliminatória ,Jogos De Ida,Estádio Antonio Accioly,,3843,13000,Atlético-GO,Cuiabá-MT,Umberto Louzer,Pintado,8550000,8500000,26.6,30.1,1,1,,,0,,,,,,,,,,,,,,,,
2022,2022-04-30,20:00:00,3ª Eliminatória ,Jogos De Ida,Arena Barueri,,14960,43600,Palmeiras,Juazeirense,,,,,,,2,1,,,0,,,,,,,,,,,,,,,,
2022,2022-05-01,18:00:00,3ª Eliminatória ,Jogos De Ida,Estádio Governador Alberto Tavares Silva,,30360,,Altos,Flamengo,Francisco Diá,Paulo Sousa,300000,34300000,30.1,28.5,1,2,,,0,,,,,,,,,,,,,,,,
2022,2022-03-09,18:00:00,2ª Eliminatória,Jogo Único,Os Pioneiros,,2889,8000,Azuriz,Mirassol-SP,Fabiano Daitx,Ivan Baitello,275000,5030000,25,25.4,1,0,,,0,,,,,,,,,,,,,,,,
2022,2022-03-10,20:30:00,2ª Eliminatória,Jogo Único,Estádio Aderbal Ramos da Silva,,5217,17800,Avaí FC,Ceilândia,Eduardo Barroca,Adelson de Almeida,5180000,100000,32.4,28.1,1,2,,,0,,,,,,,,,,,,,,,,
2022,2022-03-15,15:00:00,2ª Eliminatória,Jogo Único,Estádio Luso Brasileiro,,2247,5000,Portuguesa-RJ,Sampaio Corrêa,Toninho Andrade,João Brigatti,600000,1650000,30.2,28.9,2,0,,,0,,,,,,,,,,,,,,,,
2022,2022-03-15,16:30:00,2ª Eliminatória,Jogo Único,Estádio Governador Plácido Castelo,,14551,60326,Ceará SC,Tuna Luso,,,,,,,2,0,,,0,,,,,,,,,,,,,,,,
2022,2022-03-15,18:00:00,2ª Eliminatória,Jogo Único,Estádio Antonio Accioly,,2451,13000,Atlético-GO,Nova Venécia,Umberto Louzer,Cássio,8700000,200000,27.7,26,2,1,,,0,,,,,,,,,,,,,,,,
2022,2022-03-16,15:30:00,2ª Eliminatória,Jogo Único,Estádio Municipal Dr. Rafael Seabra,,2954,3029,Tuntum,Cruzeiro,,,,,,,0,3,,,0,,,,,,,,,,,,,,,,
2022,2022-03-16,19:30:00,2ª Eliminatória,Jogo Único,Estádio Senador João Ribeiro,,2212,8000,Tocantinópolis,FC Cascavel,,,,,,,2,0,,,0,,,,,,,,,,,,,,,,
2022,2022-03-16,20:30:00,2ª Eliminatória,Jogo Único,Estádio Cícero Pompeu de Toledo,,17644,72039,São Paulo,Manaus FC,Rogério Ceni,Evaristo Piza,23400000,400000,26.9,28.3,2,0,,,0,,,,,,,,,,,,,,,,
2022,2022-03-16,20:30:00,2ª Eliminatória,Jogo Único,Estádio Rei Pelé,,7563,20000,CSA,Paysandu,Mozart,Márcio Fernandes,3530000,850000,29.8,29.8,4,1,,,0,,,,,,,,,,,,,,,,
2022,2022-03-17,18:00:00,2ª Eliminatória,Jogo Único,Estádio José Olimpio da Rocha,,1995,5281,Real Noroeste,Juventude,Duzinho,Eduardo Baptista,200000,9300000,29.7,29.9,0,1,,,0,,,,,,,,,,,,,,,,
2022,2022-03-17,20:30:00,2ª Eliminatória,Jogo Único,Estádio Serra Dourada,,9984,14525,Goiás,Criciúma EC,Bruno Pivetti,Cláudio Tencati,7500000,1050000,28.3,27.3,1,0,,,0,,,,,,,,,,,,,,,,
2022,2022-03-23,20:30:00,2ª Eliminatória,Jogo Único,Estádio Manoel Barradas,,4095,35632,EC Vitória,Glória,,,,,,,2,0,,,0,,,,,,,,,,,,,,,,
2022,2022-02-22,15:30:00,1ª Eliminatória,Jogo Único,Estádio Paulo Barreto de Menezes,,811,8000,Lagarto,Figueirense FC,,,,,,,0,0,,,0,,,,,,,,,,,,,,,,
2022,2022-02-22,18:00:00,1ª Eliminatória,Jogo Único,Estádio Zama Maciel,,2349,5000,UR Trabalhadore,Avaí FC,,,,,,,1,1,,,0,,,,,,,,,,,,,,,,
2022,2022-02-22,20:30:00,1ª Eliminatória,Jogo Único,Estádio Olímpico Regional Arnaldo Busatto,,7060,8000,FC Cascavel,Ponte Preta,Tcheco,Gilson Kleina,150000,5150000,29.6,26.3,1,0,,,0,,,,,,,,,,,,,,,,
2022,2022-02-23,14:30:00,1ª Eliminatória,Jogo Único,Estádio Municipal Dr. Rafael Seabra,,1637,2800,Tuntum,Volta Redonda,,,,,,,4,2,,,0,,,,,,,,,,,,,,,,
2022,2022-02-23,18:00:00,1ª Eliminatória,Jogo Único,Os Pioneiros,,2014,8000,Azuriz,Botafogo-SP,Fabiano Daitx,Leandro Zago,275000,1000000,25,26.5,1,0,,,0,,,,,,,,,,,,,,,,
2022,2022-02-23,18:00:00,1ª Eliminatória,Jogo Único,Estádio Municipal Coaracy da Mata Fonseca,,3297,7500,ASA,Cuiabá-MT,Renatinho Potiguar,Pintado,300000,9250000,31.2,30,0,2,,,0,,,,,,,,,,,,,,,,
2022,2022-02-23,18:00:00,1ª Eliminatória,Jogo Único,Estádio Cornélio de Barros,,474,12070,Salgueiro,Santos,,,,,,,0,3,,,0,,,,,,,,,,,,,,,,
2022,2022-02-23,19:00:00,1ª Eliminatória,Jogo Único,Altos da Glória,,941,3000,Glória,Brasil Pelotas,,,,,,,1,0,,,0,,,,,,,,,,,,,,,,
2022,2022-02-23,19:30:00,1ª Eliminatória,Jogo Único,Estádio Senador João Ribeiro,,1733,8000,Tocantinópolis,Náutico,,,,,,,1,0,,,0,,,,,,,,,,,,,,,,
2022,2022-02-23,20:30:00,1ª Eliminatória,Jogo Único,Estádio Municipal Antônio de Figueiredo Carneiro,,1102,16000,Atl. Alagoinhas,CSA,Agnaldo Liz,Mozart,25000,3230000,29.1,29,1,1,,,0,,,,,,,,,,,,,,,,
2022,2022-02-23,20:30:00,1ª Eliminatória,Jogo Único,Estádio Renato Cunha Lima,,5120,,Campinense-PB,São Paulo,Ranielle Ribeiro,Rogério Ceni,150000,29600000,27.3,26.9,0,0,,,0,,,,,,,,,,,,,,,,
2022,2022-02-23,20:30:00,1ª Eliminatória,Jogo Único,Estádio Estadual Lourival Baptista,,1472,14000,Sergipe,Cruzeiro,,,,,,,0,5,,,0,,,,,,,,,,,,,,,,
2022,2022-02-23,21:00:00,1ª Eliminatória,Jogo Único,Arena Acreana,,370,20000,Humaitá,Brasiliense,,,,,,,2,2,,,0,,,,,,,,,,,,,,,,
2022,2022-02-24,14:30:00,1ª Eliminatória,Jogo Único,Estádio Governador Alberto Tavares Silva,,0,44200,Fluminense-PI,Oeste,Marcelo Vilar,Fernando Marchiori,50000,200000,31.3,27.7,2,0,,,0,,,,,,,,,,,,,,,,
2022,2022-02-24,14:30:00,1ª Eliminatória,Jogo Único,Estádio Jânio Moraes,,903,1810,Nova Iguaçu,Criciúma EC,Carlos Vitor,Cláudio Tencati,100000,1580000,29.1,28.1,0,0,,,0,,,,,,,,,,,,,,,,
2022,2022-02-24,15:30:00,1ª Eliminatória,Jogo Único,Estádio Ismael Benigno,,1202,5000,São Raimundo-AM,Manaus FC,,,,,,,0,1,,,0,,,,,,,,,,,,,,,,
2022,2022-02-24,18:00:00,1ª Eliminatória,Jogo Único,Arena Cajueiro,,1300,4000,AD Bahia-BA,Coritiba FC,,,,,,,2,5,,,0,,,,,,,,,,,,,,,,
2022,2022-03-01,14:30:00,1ª Eliminatória,Jogo Único,Estádio Mauro Sampaio,,823,16000,Icasa,Tombense,Sidney Moraes,Rafael Guanaes,75000,1100000,29.1,27.7,0,0,,,0,,,,,,,,,,,,,,,,
2022,2022-03-01,15:00:00,1ª Eliminatória,Jogo Único,Estádio Elcyr Resende de Mendonça,,1396,6000,Maricá FC,Guarani,,,,,,,0,1,,,0,,,,,,,,,,,,,,,,
2022,2022-03-01,18:00:00,1ª Eliminatória,Jogo Único,Estádio Governador João Castelo - Castelão,,1513,16500,Moto Club,Chapecoense,,,,,,,3,2,,,0,,,,,,,,,,,,,,,,
2022,2022-03-01,18:00:00,1ª Eliminatória,Jogo Único,Estádio Municipal Irmão Gino Maria Rossi,,6045,19000,Pouso Alegre,Paraná,Francisco Diá,Rodrigo Cascca,450000,600000,29.2,26.9,2,0,,,0,,,,,,,,,,,,,,,,
2022,2022-03-01,20:30:00,1ª Eliminatória,Jogo Único,Estádio Municipal Governador Antônio Mariz,,1400,5400,Sousa,Goiás,,,,,,,1,1,,,0,,,,,,,,,,,,,,,,
2022,2022-03-01,20:30:00,1ª Eliminatória,Jogo Único,Estádio Municipal José María de Campos Maia,,4840,14534,Mirassol-SP,Grêmio,Eduardo Baptista,Roger Machado,3630000,14800000,26.7,27.1,3,2,,,0,,,,,,,,,,,,,,,,
2022,2022-03-02,14:30:00,1ª Eliminatória,Jogo Único,Estádio Maria de Lourdes Abadia,,0,5000,Ceilândia,Londrina-PR,Adelson de Almeida,Vinícius Eutrópio,100000,2430000,27.8,29.6,2,0,,,0,,,,,,,,,,,,,,,,
2022,2022-03-02,14:30:00,1ª Eliminatória,Jogo Único,Estádio Francisco Vasques,,422,6000,Tuna Luso,Novorizontino,,,,,,,1,0,,,0,,,,,,,,,,,,,,,,
2022,2022-03-02,15:30:00,1ª Eliminatória,Jogo Único,Estádio Municipal Aluízio Pinheiro Ferreira,,1050,7000,Porto Velho,Juventude,,,,,,,1,2,,,0,,,,,,,,,,,,,,,,
2022,2022-03-02,15:30:00,1ª Eliminatória,Jogo Único,Estádio Municipal Vereador Benedito Laurindo de Souza ou Estádio Dito ,,611,1208,Operário VG,Sampaio Corrêa,Bruno Saymon,João Brigatti,100000,1750000,26.7,29.6,1,2,,,0,,,,,,,,,,,,,,,,
2022,2022-03-02,18:00:00,1ª Eliminatória,Jogo Único,Estádio José Olimpio da Rocha,,556,5281,Real Noroeste,Operário-PR,,,,,,,2,1,,,0,,,,,,,,,,,,,,,,
2022,2022-03-02,18:00:00,1ª Eliminatória,Jogo Único,Estádio Flamarion Vasconcelos,,2112,3000,São Raimundo-RR,Ceará SC,,,,,,,0,3,,,0,,,,,,,,,,,,,,,,
2022,2022-03-02,18:00:00,1ª Eliminatória,Jogo Único,Estádio Municipal Felipe Raulino,,891,4000,Altos,Sport Recife,Carlos Rabelo,Gustavo Florentín,225000,6550000,30.4,26.7,1,0,,,0,,,,,,,,,,,,,,,,
2022,2022-03-02,19:00:00,1ª Eliminatória,Jogo Único,Arena Acreana,,517,1600,Rio Branco-AC,Vila Nova FC,,,,,,,0,0,,,0,,,,,,,,,,,,,,,,
2022,2022-03-02,19:30:00,1ª Eliminatória,Jogo Único,Estádio Jonas Ferreira Duarte,,746,20000,Anápolis,Juazeirense,,,,,,,0,0,,,0,,,,,,,,,,,,,,,,
2022,2022-03-02,19:30:00,1ª Eliminatória,Jogo Único,Estádio Milton de Souza Corrêa,,0,,Trem,Paysandu,,,,,,,0,3,,,0,,,,,,,,,,,,,,,,
2022,2022-03-02,20:00:00,1ª Eliminatória,Jogo Único,Laerte Pais Coelho,,1208,5000,Costa Rica,ABC FC,Ito Roque,Moacir Júnior,50000,850000,29.6,27.3,0,3,,,0,,,,,,,,,,,,,,,,
2022,2022-03-02,20:30:00,1ª Eliminatória,Jogo Único,Estádio Luso Brasileiro,,2500,20000,Portuguesa-RJ,CRB,Toninho Andrade,Marcelo Cabo,150000,4050000,29.9,30.5,1,0,,,0,,,,,,,,,,,,,,,,
2022,2022-03-02,20:30:00,1ª Eliminatória,Jogo Único,Estádio Doutor Adhemar de Barros,,2673,20950,Ferroviária,Vasco da Gama,Elano,Zé Ricardo,1700000,9200000,27.9,28.2,0,1,,,0,,,,,,,,,,,,,,,,
2022,2022-03-03,14:30:00,1ª Eliminatória,Jogo Único,Estádio Zenor Pedrosa Rocha,,994,2000,Nova Venécia,Ferroviário,Cássio,Paulinho Kobayashi,175000,325000,25.9,27.7,2,1,,,0,,,,,,,,,,,,,,,,
2022,2022-03-03,18:00:00,1ª Eliminatória,Jogo Único,Estádio Municipal Engenheiro Luthero Lopes,,2993,7504,U. Rondonópolis,Atlético-GO,Odil Soares,Umberto Louzer,400000,9050000,28.6,27.5,0,3,,,0,,,,,,,,,,,,,,,,
2022,2022-03-03,19:30:00,1ª Eliminatória,Jogo Único,Estádio Maximino Porpino Filho,,293,5000,Castanhal,EC Vitória,,,,,,,1,1,,,0,,,,,,,,,,,,,,,,
2022,2022-03-03,20:30:00,1ª Eliminatória,Jogo Único,Estádio Manoel Dantas Barreto,,740,5000,Globo,Internacional,,,,,,,2,0,,,0,,,,,,,,,,,,,,,,
2023,2023-08-16,20:30:00,Semi-Finais ,Jogos De Volta,Estádio Cícero Pompeu de Toledo,Raphael Claus,62093,72039,São Paulo,Corinthians,Dorival Júnior,Vanderlei Luxemburgo,36600000,45900000,28.5,28.1,2,0,2,0,0,,,7,3,7,10,10,6,1,5,2,1,19,10,6,5
2023,2023-08-16,22:30:00,Semi-Finais ,Jogos De Volta,Estádio Jornalista Mário Filho,Braulio da Silva Machado,0,78838,Flamengo,Grêmio,Jorge Sampaoli,Renato Portaluppi,75800000,43100000,28.2,28.4,1,0,0,0,0,,,6,6,16,18,16,15,6,2,0,4,12,12,0,5
2023,2023-07-25,22:30:00,Semi-Finais ,Jogos De Ida,Neo Química Arena ,Wilton Sampaio,46965,49205,Corinthians,São Paulo,Vanderlei Luxemburgo,Dorival Júnior,45800000,28100000,29.3,28.9,2,1,0,0,0,,,4,3,15,13,12,15,2,2,0,1,5,15,1,11
2023,2023-07-13,21:00:00,Quartas De Final ,Jogos De Volta,Allianz Parque,Anderson Daronco,41451,43713,Palmeiras,São Paulo,Abel Ferreira,Dorival Júnior,87500000,27000000,28.1,29.4,1,2,1,0,0,,,12,2,12,19,19,12,2,5,1,1,15,8,6,1
2023,2023-07-04,22:00:00,Quartas De Final ,Jogos De Ida,Arena Fonte Nova,Ramon Abatti,38153,47364,EC Bahia,Grêmio,Renato Paiva,Renato Portaluppi,29050000,25100000,26.6,28.8,1,1,0,0,0,,,3,5,13,15,14,13,2,3,1,1,12,11,4,3
2023,2023-07-05,20:30:00,Quartas De Final ,Jogos De Ida,Estádio Cícero Pompeu de Toledo,Braulio da Silva Machado,54593,72039,São Paulo,Palmeiras,Dorival Júnior,Abel Ferreira,31400000,86000000,28.8,27.3,1,0,0,0,0,,,8,7,16,12,11,16,1,3,3,3,18,8,11,3
2023,2023-07-05,22:30:00,Quartas De Final ,Jogos De Ida,Estádio Raimundo Sampaio,Leandro Pedro Vuaden,7141,25000,América-MG,Corinthians,Vagner Mancini,Vanderlei Luxemburgo,12750000,44700000,30.1,27.4,1,0,1,0,0,,,5,4,6,6,6,6,10,4,4,0,15,18,8,5
2023,2023-05-31,20:00:00,Oitavas De Final ,Jogos De Volta,Estádio Governador Plácido Castelo,Savio Pereira Sampaio,43271,60326,Fortaleza,Palmeiras,Juan Pablo Vojvoda,Abel Ferreira,11200000,70500000,30.8,28.9,1,0,0,0,0,,,8,3,19,22,22,19,0,6,1,3,20,4,7,3
2023,2023-06-01,21:00:00,Oitavas De Final ,Jogos De Volta,Estádio Jornalista Mário Filho,Raphael Claus,69978,78838,Flamengo,Fluminense,Jorge Sampaoli,Fernando Diniz,82700000,43500000,26.9,29.6,2,0,1,0,0,,,5,10,10,8,7,10,2,3,5,2,12,9,4,4
2023,2023-05-16,22:00:00,Oitavas De Final ,Jogos De Ida,Estádio Jornalista Mário Filho,Anderson Daronco,54362,82238,Fluminense,Flamengo,Fernando Diniz,Jorge Sampaoli,39750000,87650000,31,27.7,0,0,0,0,0,,,6,8,5,22,22,5,6,3,0,2,7,18,2,8
2023,2023-05-17,20:00:00,Oitavas De Final ,Jogos De Ida,Estádio Urbano Caldeira,Savio Pereira Sampaio,10995,20120,Santos,EC Bahia,Odair Hellmann,Renato Paiva,27900000,23950000,26,26.6,0,0,0,0,0,,,5,4,14,16,16,14,3,2,2,2,5,7,3,3
2023,2023-05-17,20:00:00,Oitavas De Final ,Jogos De Ida,Allianz Parque,Wagner do Nascimento Magalhães,32254,43713,Palmeiras,Fortaleza,Abel Ferreira,Juan Pablo Vojvoda,77500000,15900000,28.8,29.2,3,0,2,0,0,,,5,4,13,14,14,10,5,3,2,2,18,12,6,4
2023,2023-05-17,21:00:00,Oitavas De Final ,Jogos De Ida,Estádio Adelmar da Costa Carvalho,Wilton Sampaio,22889,35000,Sport Recife,São Paulo,Enderson Moreira,Dorival Júnior,5250000,27500000,29.9,27.7,0,2,0,0,0,,,6,9,5,16,13,4,3,4,1,1,9,20,5,5
2023,2023-05-17,22:30:00,Oitavas De Final ,Jogos De Ida,Estádio Governador Magalhães Pinto,Braulio da Silva Machado,48112,57483,Atlético-MG,Corinthians,Eduardo Coudet,Vanderlei Luxemburgo,45300000,45750000,29.3,28.7,2,0,0,0,0,,,5,2,12,12,12,11,0,6,0,2,21,3,9,1
2023,2023-05-17,22:30:00,Oitavas De Final ,Jogos De Ida,Estádio Raimundo Sampaio,Bruno Arleu de Araújo,1644,25000,América-MG,Internacional,Vagner Mancini,Mano Menezes,9100000,34650000,27.7,28,2,0,0,0,0,,,4,3,18,14,14,17,5,2,1,1,12,6,3,1
2023,2023-04-11,22:30:00,3ª Eliminatória ,Jogos De Ida,Estádio Cícero Pompeu de Toledo,Caio Max Augusto Vieira,28724,72039,São Paulo,Ituano,Rogério Ceni,Gilmar Pozzo,28800000,1350000,26.5,30.4,0,0,0,0,0,,,11,7,8,13,13,8,1,2,0,1,20,12,12,7
2023,2023-04-12,20:30:00,3ª Eliminatória ,Jogos De Ida,Estádio Jornalista Mário Filho,Anderson Daronco,27856,82238,Fluminense,Paysandu,Fernando Diniz,Márcio Fernandes,38250000,1000000,30.8,30.8,3,0,3,0,0,,,13,0,13,13,12,13,1,5,4,0,22,4,10,2
2023,2023-04-12,22:30:00,3ª Eliminatória ,Jogos De Ida,Estádio Governador Magalhães Pinto,Edina Alves Batista,14964,57018,Atlético-MG,Brasil Pelotas,Eduardo Coudet,Rogério Zimermann,32100000,1050000,28.7,30.2,2,1,0,0,0,,,12,1,14,13,12,14,2,4,0,1,24,8,10,2
2023,2023-03-15,21:30:00,2ª Eliminatória,Jogo Único,Estádio Olímpico Colosso da Lagoa,Wagner do Nascimento Magalhães,4486,22000,Ypiranga-RS,RB Bragantino,Luizinho Vieira,Pedro Caixinha,800000,39300000,26.9,23.5,3,1,1,0,0,,,7,11,17,16,16,14,2,2,1,0,10,23,2,11
2022,2022-10-12,21:45:00,Final ,Jogo De Ida,Neo Química Arena ,Braulio da Silva Machado,47031,49205,Corinthians,Flamengo,Vítor Pereira,Dorival Júnior,52800000,83000000,29.3,29.4,0,0,0,0,0,,,3,5,12,10,10,12,6,3,0,1,13,19,7,10
2022,2022-09-14,21:45:00,Semi-Finais ,Jogos De Volta,Estádio Jornalista Mário Filho,Wilton Sampaio,62977,78838,Flamengo,São Paulo,Dorival Júnior,Rogério Ceni,83000000,35000000,29.3,27.1,1,0,1,0,0,,,7,6,12,13,12,10,6,2,1,2,8,16,5,7
2022,2022-09-15,20:00:00,Semi-Finais ,Jogos De Volta,Neo Química Arena ,Anderson Daronco,45558,49205,Corinthians,Fluminense,Vítor Pereira,Fernando Diniz,51800000,26600000,29.5,29.2,3,0,1,0,0,,,5,10,10,9,9,9,4,4,5,2,16,13,9,5
2022,2022-08-17,21:30:00,Quartas De Final ,Jogos De Volta,Ligga Arena,Raphael Claus,39360,42372,Athletico-PR,Flamengo,Luiz Felipe Scolari,Dorival Júnior,27450000,82300000,27,29.3,0,1,0,0,0,,,7,4,18,6,6,18,6,1,1,1,10,13,8,4
2022,2022-08-17,21:30:00,Quartas De Final ,Jogos De Volta,Neo Química Arena ,Bruno Arleu de Araújo,43195,49205,Corinthians,Atlético-GO,,,52650000,7900000,29.1,27.3,4,1,1,0,0,,,7,2,9,14,14,8,2,3,1,4,15,9,3,4
2022,2022-07-27,21:30:00,Quartas De Final ,Jogos De Ida,Estádio Antonio Accioly,Marcelo de Lima Henrique  (RJ),12089,13000,Atlético-GO,Corinthians,,,9700000,56300000,26.7,27.8,2,0,1,0,0,,,4,7,8,12,11,7,1,1,1,1,8,8,5,4
2022,2022-07-27,21:30:00,Quartas De Final ,Jogos De Ida,Estádio Jornalista Mário Filho,Luiz Flávio de Oliveira (SP),65271,78838,Flamengo,Athletico-PR,Dorival Júnior,Luiz Felipe Scolari,84300000,27900000,29.2,26.3,0,0,0,0,0,,,7,3,13,20,18,13,0,5,1,2,22,4,13,4
2022,2022-07-28,20:00:00,Quartas De Final ,Jogos De Ida,Estádio Cícero Pompeu de Toledo,Wilton Sampaio,51297,72039,São Paulo,América-MG,Rogério Ceni,Vagner Mancini,32300000,9250000,26,30.4,1,0,1,0,0,,,5,4,10,14,12,10,1,4,2,1,13,8,6,4
2022,2022-07-12,21:00:00,Oitavas De Final ,Jogos De Volta,Estádio Governador Magalhães Pinto,Raphael Claus,58844,59483,Cruzeiro,Fluminense,Paulo Pezzolano,Fernando Diniz,6200000,26350000,27.5,28.4,0,3,0,0,0,,,4,5,12,7,7,12,3,5,7,0,12,12,4,3
2022,2022-07-13,20:00:00,Oitavas De Final ,Jogos De Volta,Estádio Governador Plácido Castelo,Anderson Daronco,48510,60326,Ceará SC,Fortaleza,Marquinhos Santos,Juan Pablo Vojvoda,10450000,10100000,30.6,27.6,1,0,0,0,0,,,5,4,14,25,24,14,4,2,0,0,14,17,7,5
2022,2022-07-13,21:30:00,Oitavas De Final ,Jogos De Volta,Estádio Jornalista Mário Filho,Wilton Sampaio,68747,78838,Flamengo,Atlético-MG,Dorival Júnior,Antonio Mohamed,84300000,69900000,29.1,29.2,2,0,1,0,0,,,4,5,18,14,14,16,0,7,1,0,21,7,7,5
2022,2022-07-13,21:30:00,Oitavas De Final ,Jogos De Volta,Estádio Urbano Caldeira,Jean Pierre Goncalves Lima,12294,20120,Santos,Corinthians,Marcelo Fernandes,Vítor Pereira,35800000,31800000,26.7,27.1,1,0,0,0,0,,,6,1,12,6,6,12,0,2,0,1,13,6,5,4
2022,2022-06-22,19:00:00,Oitavas De Final ,Jogos De Ida,Estádio Antonio Accioly,Flavio Rodrigues de Souza,10645,13000,Atlético-GO,Goiás,,,7950000,8150000,27.1,26.9,0,0,0,0,0,,,17,5,8,14,13,8,2,5,4,0,16,12,5,7
2022,2022-06-22,20:00:00,Oitavas De Final ,Jogos De Ida,Estádio Governador Plácido Castelo,Wagner do Nascimento Magalhães,29876,60326,Fortaleza,Ceará SC,Juan Pablo Vojvoda,Marquinhos Santos,12750000,9750000,29.1,30.7,2,0,0,0,0,,,9,6,18,10,9,16,4,5,0,0,17,12,2,5
2022,2022-06-22,21:30:00,Oitavas De Final ,Jogos De Ida,Estádio Raimundo Sampaio,Luiz Flávio de Oliveira (SP),53953,,Atlético-MG,Flamengo,Antonio Mohamed,Dorival Júnior,59400000,94100000,30.5,29.2,2,1,1,0,0,,,3,6,16,14,14,13,1,2,1,0,7,10,2,5
2022,2022-06-22,21:30:00,Oitavas De Final ,Jogos De Ida,Neo Química Arena ,Marcelo de Lima Henrique  (RJ),40624,49205,Corinthians,Santos,Vítor Pereira,Fabián Bustos,43800000,36400000,27.4,23.6,4,0,3,0,0,,,9,4,10,16,16,10,1,4,0,1,13,6,3,3
2022,2022-06-23,20:00:00,Oitavas De Final ,Jogos De Ida,Estádio Cícero Pompeu de Toledo,Raphael Claus,38201,72039,São Paulo,Palmeiras,Rogério Ceni,Abel Ferreira,33800000,88000000,26.9,27.5,1,0,1,0,0,,,4,1,13,4,4,13,0,3,2,4,14,6,5,6
2022,2022-06-30,19:00:00,Oitavas De Final ,Jogos De Ida,Estádio Raimundo Sampaio,Jean Pierre Goncalves Lima,3861,25000,América-MG,Botafogo,Vagner Mancini,Luís Castro,8950000,27730000,30.3,26.5,3,0,2,0,0,,,8,5,16,6,6,16,5,4,1,0,20,21,9,13
2023,2023-09-24,17:00:00,Final ,Jogo De Volta,Estádio Cícero Pompeu de Toledo,Braulio da Silva Machado,63077,72039,São Paulo,Flamengo,Dorival Júnior,Jorge Sampaoli,36600000,93000000,28.8,27.3,1,1,1,1,0,,,2,4,17,14,14,17,4,2,0,3,8,13,4,6
2023,2023-09-17,17:00:00,Final ,Jogo De Ida,Estádio Jornalista Mário Filho,Anderson Daronco,67350,78838,Flamengo,São Paulo,Jorge Sampaoli,Dorival Júnior,90000000,36600000,25.9,28.8,0,1,0,1,0,,,3,4,18,15,15,18,1,1,0,2,6,5,3,1
2023,2023-07-26,22:30:00,Semi-Finais ,Jogos De Ida,Arena do Grêmio,Raphael Claus,52932,60540,Grêmio,Flamengo,Renato Portaluppi,Jorge Sampaoli,36600000,64300000,29.2,27.6,0,2,0,1,0,,,6,3,11,10,9,10,5,1,1,1,11,14,7,6
2023,2023-07-12,22:30:00,Quartas De Final ,Jogos De Volta,Ligga Arena,Braulio da Silva Machado,37842,42372,Athletico-PR,Flamengo,Wesley Carvalho,Jorge Sampaoli,54400000,80200000,26.7,26.7,0,2,0,1,0,,,11,3,23,9,9,23,1,5,2,2,27,8,16,5
2023,2023-07-05,22:30:00,Quartas De Final ,Jogos De Ida,Estádio Jornalista Mário Filho,Flavio Rodrigues de Souza,60996,,Flamengo,Athletico-PR,,,80200000,43100000,26.9,27.5,2,1,0,1,0,,,4,5,14,23,19,14,1,2,2,1,12,8,3,4
2023,2023-05-31,21:00:00,Oitavas De Final ,Jogos De Volta,Estádio Governador Magalhães Pinto,Flavio Rodrigues de Souza,41090,61927,Cruzeiro,Grêmio,Pepa,Renato Portaluppi,17300000,21900000,27.7,29,0,1,0,1,0,,,14,4,9,21,20,8,2,6,0,5,24,5,7,2
2023,2023-05-17,20:30:00,Oitavas De Final ,Jogos De Ida,Arena do Grêmio,Raphael Claus,29665,60540,Grêmio,Cruzeiro,Renato Portaluppi,Pepa,28000000,18200000,29.5,28.6,1,1,0,1,0,,,6,5,7,11,10,7,5,3,2,0,13,16,5,6
2023,2023-04-12,21:00:00,3ª Eliminatória ,Jogos De Ida,Allianz Parque,Bruno Arleu de Araújo,33603,43713,Palmeiras,Tombense,Abel Ferreira,Marcelo Chamusca,69950000,3050000,26.7,30.4,4,2,2,1,0,,,8,1,18,16,16,17,3,8,3,1,24,10,6,5
2022,2022-08-24,19:30:00,Semi-Finais ,Jogos De Ida,Estádio Jornalista Mário Filho,Ramon Abatti,58203,82238,Fluminense,Corinthians,Fernando Diniz,Vítor Pereira,32600000,52800000,28.5,29.1,2,2,1,1,0,,,6,5,6,13,12,6,0,3,0,2,14,9,7,4
2022,2022-08-24,21:30:00,Semi-Finais ,Jogos De Ida,Estádio Cícero Pompeu de Toledo,Anderson Daronco,51365,72039,São Paulo,Flamengo,Rogério Ceni,Dorival Júnior,37400000,83000000,27.2,29.3,1,3,0,1,0,,,17,2,14,9,9,13,1,4,0,0,26,7,9,2
2022,2022-07-28,20:30:00,Quartas De Final ,Jogos De Ida,Estádio Governador Plácido Castelo,Raphael Claus,29898,60326,Fortaleza,Fluminense,Juan Pablo Vojvoda,Fernando Diniz,13500000,26350000,29.4,28.4,0,1,0,1,0,,,7,3,22,11,11,22,2,3,5,6,11,10,4,4
2022,2022-07-12,20:30:00,Oitavas De Final ,Jogos De Volta,Ligga Arena,Marcelo de Lima Henrique  (RJ),26324,42372,Athletico-PR,EC Bahia,Luiz Felipe Scolari,Enderson Moreira,29000000,9650000,25.2,25.4,2,1,0,1,0,,,7,5,6,12,10,6,2,2,2,0,23,13,9,6
2022,2022-07-13,19:00:00,Oitavas De Final ,Jogos De Volta,Estádio Serra Dourada,Luiz Flávio de Oliveira (SP),13607,14525,Goiás,Atlético-GO,,,7700000,7600000,27.2,27.8,0,3,0,1,0,,,6,4,19,12,12,19,2,4,0,1,13,13,7,7
2022,2022-07-14,21:00:00,Oitavas De Final ,Jogos De Volta,Estádio Olímpico Nilton Santos,Braulio da Silva Machado,13862,46931,Botafogo,América-MG,Luís Castro,Vagner Mancini,29850000,8500000,27.2,29.6,0,2,0,1,0,,,6,3,14,13,12,13,3,11,3,2,26,11,9,4
2022,2022-06-23,19:00:00,Oitavas De Final ,Jogos De Ida,Estádio Jornalista Mário Filho,André Luiz de Freitas Castro,46325,82238,Fluminense,Cruzeiro,Fernando Diniz,Paulo Pezzolano,33850000,8750000,28.6,27.7,2,1,1,1,0,,,8,3,13,11,10,12,0,5,2,1,31,5,16,3
2023,2023-05-17,22:30:00,Oitavas De Final ,Jogos De Ida,Ligga Arena,Leandro Pedro Vuaden,23243,42372,Athletico-PR,Botafogo,Paulo Turra,Luís Castro,51550000,27400000,26.4,27.7,3,2,0,2,0,,,8,3,12,13,13,12,2,3,1,1,23,6,13,2
2023,2023-04-11,20:00:00,3ª Eliminatória ,Jogos De Ida,Estádio Santa Cruz,Braulio da Silva Machado,12985,29292,Botafogo-SP,Santos,Adilson Batista,Odair Hellmann,900000,38800000,27.6,26.1,0,2,0,2,0,,,6,2,14,20,19,14,2,2,0,1,15,7,7,1
2022,2022-08-17,20:00:00,Quartas De Final ,Jogos De Volta,Estádio Jornalista Mário Filho,Wilton Sampaio,60833,82238,Fluminense,Fortaleza,Fernando Diniz,Juan Pablo Vojvoda,26350000,12100000,28.5,29.2,2,2,0,2,0,,,9,3,9,12,12,9,3,5,2,5,15,12,5,7
2022,2022-08-18,21:00:00,Quartas De Final ,Jogos De Volta,Estádio Raimundo Sampaio,Braulio da Silva Machado,10450,25000,América-MG,São Paulo,Vagner Mancini,Rogério Ceni,8200000,37850000,31.1,27.2,2,2,1,2,0,,,4,1,15,10,9,14,2,2,3,1,10,8,6,3
2022,2022-06-22,19:30:00,Oitavas De Final ,Jogos De Ida,Arena Fonte Nova,Braulio da Silva Machado,20484,55000,EC Bahia,Athletico-PR,Guto Ferreira,Luiz Felipe Scolari,7250000,32700000,27.3,24.7,1,2,1,2,0,,,5,3,19,11,10,19,3,3,0,2,18,10,7,2
2023,2023-07-12,20:00:00,Quartas De Final ,Jogos De Volta,Arena do Grêmio,,35437,60540,Grêmio,EC Bahia,Renato Portaluppi,Renato Paiva,27900000,27550000,29.2,26.6,1,1,,,1,5,4,,,,,,,,,,,,,,
2023,2023-07-15,17:30:00,Quartas De Final ,Jogos De Volta,Neo Química Arena ,,45004,49205,Corinthians,América-MG,Vanderlei Luxemburgo,Vagner Mancini,46400000,12550000,29,29.6,3,2,,,1,6,3,,,,,,,,,,,,,,
2023,2023-05-31,20:00:00,Oitavas De Final ,Jogos De Volta,Arena Fonte Nova,,34980,47364,EC Bahia,Santos,Renato Paiva,Odair Hellmann,23950000,20900000,26.6,26.8,1,1,,,1,5,4,,,,,,,,,,,,,,
2023,2023-05-31,22:30:00,Oitavas De Final ,Jogos De Volta,Estádio Olímpico Nilton Santos,,37682,46931,Botafogo,Athletico-PR,Luís Castro,Paulo Turra,20800000,47950000,30.2,25.6,1,0,,,1,3,4,,,,,,,,,,,,,,
2023,2023-05-31,22:30:00,Oitavas De Final ,Jogos De Volta,Neo Química Arena ,,38235,49205,Corinthians,Atlético-MG,Vanderlei Luxemburgo,Eduardo Coudet,52700000,49100000,28,28.8,2,0,,,1,5,1,,,,,,,,,,,,,,
2023,2023-05-31,22:30:00,Oitavas De Final ,Jogos De Volta,Estádio Beira-Rio,,36560,56000,Internacional,América-MG,Mano Menezes,Vagner Mancini,23800000,8600000,27.9,31.6,3,1,,,1,7,6,,,,,,,,,,,,,,
2023,2023-06-01,20:30:00,Oitavas De Final ,Jogos De Volta,Estádio Cícero Pompeu de Toledo,,49752,72039,São Paulo,Sport Recife,Dorival Júnior,Enderson Moreira,27700000,4600000,27.6,28.5,1,3,,,1,6,6,,,,,,,,,,,,,,
2023,2023-04-25,22:30:00,3ª Eliminatória ,Jogos De Volta,Ligga Arena,,19816,42372,Athletico-PR,CRB,Paulo Turra,Umberto Louzer,55100000,4250000,25.6,32.1,2,1,,,1,6,3,,,,,,,,,,,,,,
2023,2023-04-26,22:30:00,3ª Eliminatória ,Jogos De Volta,Neo Química Arena ,,39377,49205,Corinthians,Remo,Cuca,Marcelo Cabo,54900000,1630000,28.9,30.9,2,0,,,1,7,4,,,,,,,,,,,,,,
2023,2023-04-27,21:00:00,3ª Eliminatória ,Jogos De Volta,Estádio Rei Pelé,,14879,20000,CSA,Internacional,Vinícius Bergantin,Mano Menezes,3050000,33800000,27.1,28.1,2,1,,,1,8,8,,,,,,,,,,,,,,
2023,2023-03-14,20:00:00,2ª Eliminatória,Jogo Único,Estádio Major Antônio Couto Pereira,,19896,40502,Coritiba FC,Criciúma EC,Toni Oliveira,Cláudio Tencati,16000000,3650000,27.2,31.7,1,1,,,1,7,6,,,,,,,,,,,,,,
2023,2023-03-15,19:00:00,2ª Eliminatória,Jogo Único,Estádio Municipal Zinho de Oliveira,,2300,5000,Águia de Marabá,Goiás,,,,,,,0,0,,,1,7,6,,,,,,,,,,,,,,
2023,2023-03-15,19:00:00,2ª Eliminatória,Jogo Único,Estádio Municipal Doutor Novelli Júnior,,2072,18560,Ituano,Ceará SC,Gilmar Pozzo,Gustavo Morínigo,1430000,7050000,28.1,26.2,1,1,,,1,5,3,,,,,,,,,,,,,,
2023,2023-03-15,19:00:00,2ª Eliminatória,Jogo Único,Estádio Antonio Accioly,,5292,13000,Atlético-GO,Volta Redonda,Mozart,Rogério Corrêa,8600000,300000,26.5,28.6,1,1,,,1,5,6,,,,,,,,,,,,,,
2023,2023-03-16,21:30:00,2ª Eliminatória,Jogo Único,Estádio São Januário,,13329,24584,Vasco da Gama,ABC FC,Maurício Barbieri,Fernando Marchiori,44600000,1150000,25.4,31.1,0,0,,,1,5,6,,,,,,,,,,,,,,
2022,2022-10-19,21:45:00,Final ,Jogo De Volta,Estádio Jornalista Mário Filho,,61566,78838,Flamengo,Corinthians,Dorival Júnior,Vítor Pereira,75000000,53800000,30.7,29.3,1,1,,,1,7,6,,,,,,,,,,,,,,
2022,2022-07-14,20:00:00,Oitavas De Final ,Jogos De Volta,Allianz Parque,,41361,43600,Palmeiras,São Paulo,Abel Ferreira,Rogério Ceni,91000000,33100000,27.5,26.6,2,1,,,1,5,5,,,,,,,,,,,,,,
2022,2022-05-10,20:30:00,3ª Eliminatória ,Jogos De Volta,Os Pioneiros,,6029,8000,Azuriz,EC Bahia,Fabiano Daitx,Guto Ferreira,175000,8400000,24.9,25.4,1,1,,,1,4,5,,,,,,,,,,,,,,
2022,2022-05-11,22:00:00,3ª Eliminatória ,Jogos De Volta,Arena Pantanal,,9156,42968,Cuiabá-MT,Atlético-GO,Luiz Fernando Iubel,Umberto Louzer,9350000,8300000,27.9,27.1,0,0,,,1,3,5,,,,,,,,,,,,,,
2022,2022-05-12,19:30:00,3ª Eliminatória ,Jogos De Volta,Estádio Raimundo Sampaio,,22158,23000,Cruzeiro,Remo,Paulo Pezzolano,Paulo Bonamigo,7700000,1500000,26.6,29.8,1,0,,,1,6,4,,,,,,,,,,,,,,
2022,2022-05-31,21:30:00,3ª Eliminatória ,Jogos De Volta,Estádio Nabi Abi Chedid,,1668,13212,RB Bragantino,Goiás,Maurício Barbieri,Jair Ventura,45450000,6850000,22.9,28.9,0,1,,,1,8,10,,,,,,,,,,,,,,
2022,2022-03-08,20:30:00,2ª Eliminatória,Jogo Único,Estádio Orlando Scarpelli,,6066,19908,Figueirense FC,Cuiabá-MT,Júnior Rocha,Pintado,500000,9250000,28.9,30,2,2,,,1,4,6,,,,,,,,,,,,,,
2022,2022-03-08,20:30:00,2ª Eliminatória,Jogo Único,Estádio Governador Alberto Tavares Silva,,2991,44200,Fluminense-PI,Santos,,,,,,,1,1,,,1,5,6,,,,,,,,,,,,,,
2022,2022-03-09,20:30:00,2ª Eliminatória,Jogo Único,Estádio Adauto Moraes,,2,5018,Juazeirense,Vasco da Gama,,,,,,,1,1,,,1,5,3,,,,,,,,,,,,,,
2022,2022-03-10,20:30:00,2ª Eliminatória,Jogo Único,Estádio Municipal Irmão Gino Maria Rossi,,9453,19000,Pouso Alegre,Coritiba FC,Francisco Diá,Gustavo Morínigo,450000,9080000,28.5,30.3,1,1,,,1,3,4,,,,,,,,,,,,,,
2022,2022-03-15,20:30:00,2ª Eliminatória,Jogo Único,Estádio Brinco de Ouro da Princesa,,2646,32453,Guarani,Vila Nova FC,Daniel Paulista,Higo Magalhães,3600000,3800000,26.6,29.9,2,2,,,1,2,2,,,,,,,,,,,,,,
2022,2022-03-16,15:00:00,2ª Eliminatória,Jogo Único,Estádio Maria Lamas Farache,,0,18017,ABC FC,Altos,Moacir Júnior,Carlos Rabelo,400000,100000,27.1,30.1,1,1,,,1,1,1,,,,,,,,,,,,,,
2022,2022-03-16,18:00:00,2ª Eliminatória,Jogo Único,Estádio Municipal Nhozinho Santos,,2869,16500,Moto Club,Tombense,,,,,,,1,1,,,1,3,5,,,,,,,,,,,,,,
2022,2022-03-16,19:30:00,2ª Eliminatória,Jogo Único,Estádio Manoel Dantas Barreto,,501,5000,Globo,Brasiliense,,,,,,,1,1,,,1,1,1,,,,,,,,,,,,,,
2021,2021-12-12,17:00:00,Final ,Jogo De Ida,Estádio Governador Magalhães Pinto,,53181,62018,Atlético-MG,Athletico-PR,Cuca,Alberto Valentim,47700000,26500000,29.4,27,4,0,,,0,,,,,,,,,,,,,,,,
2021,2021-10-27,21:30:00,Semi-Finais ,Jogos De Volta,Estádio Governador Plácido Castelo,,9518,60326,Fortaleza,Atlético-MG,Juan Pablo Vojvoda,Cuca,10230000,46600000,28.8,28.7,1,2,,,0,,,,,,,,,,,,,,,,
2021,2021-10-27,21:30:00,Semi-Finais ,Jogos De Volta,Estádio Jornalista Mário Filho,,31586,78838,Flamengo,Athletico-PR,Renato Portaluppi,Alberto Valentim,66250000,26500000,31,26.9,0,3,,,0,,,,,,,,,,,,,,,,
2021,2021-06-09,16:30:00,3ª Eliminatória ,Jogos De Volta,Estádio Maria Lamas Farache,,0,18017,ABC FC,Chapecoense,,,,,,,3,0,,,0,,,,,,,,,,,,,,,,
2021,2021-06-09,19:00:00,3ª Eliminatória ,Jogos De Volta,Estádio Governador Roberto Santos,,0,31000,EC Bahia,Vila Nova FC,Dado Cavalcanti,Wagner Lopes,10900000,3180000,26.7,28.8,1,0,,,0,,,,,,,,,,,,,,,,
2021,2021-06-09,19:00:00,3ª Eliminatória ,Jogos De Volta,Ligga Arena,,0,42372,Athletico-PR,Avaí FC,Toni Oliveira,Claudinei Oliveira,25400000,5830000,26.9,30.4,1,0,,,0,,,,,,,,,,,,,,,,
2021,2021-06-09,19:00:00,3ª Eliminatória ,Jogos De Volta,Allianz Parque,,0,43600,Palmeiras,CRB,Abel Ferreira,Allan Aal,40000000,4130000,28.3,28.4,0,1,,,1,3,5,,,,,,,,,,,,,,
2021,2021-06-09,19:00:00,3ª Eliminatória ,Jogos De Volta,Estádio Adauto Moraes,,0,5018,Juazeirense,Cruzeiro,,,,,,,1,0,,,1,4,2,,,,,,,,,,,,,,
2021,2021-06-09,21:30:00,3ª Eliminatória ,Jogos De Volta,Estádio Heriberto Hülse,,0,22000,Criciúma EC,América-MG,Paulo Baier,Lisca,75000,5230000,27.8,28,2,2,,,1,5,4,,,,,,,,,,,,,,
2021,2021-06-10,21:30:00,3ª Eliminatória ,Jogos De Volta,Estádio Governador Plácido Castelo,,0,60326,Ceará SC,Fortaleza,Guto Ferreira,Juan Pablo Vojvoda,6480000,10900000,26.1,28.5,0,3,,,0,,,,,,,,,,,,,,,,
2021,2021-06-01,16:30:00,3ª Eliminatória ,Jogos De Ida,Estádio Onésio Brasileiro Alvarenga,,0,11788,Vila Nova FC,EC Bahia,Wagner Lopes,Dado Cavalcanti,3500000,12100000,29.7,25.7,0,1,,,0,,,,,,,,,,,,,,,,
2021,2021-06-02,16:30:00,3ª Eliminatória ,Jogos De Ida,Arena Condá,,0,22600,Chapecoense,ABC FC,,,,,,,3,1,,,0,,,,,,,,,,,,,,,,
2021,2021-06-02,19:00:00,3ª Eliminatória ,Jogos De Ida,Estádio Governador Plácido Castelo,,0,60326,Fortaleza,Ceará SC,Juan Pablo Vojvoda,Guto Ferreira,10480000,7100000,28.2,26.2,1,1,,,0,,,,,,,,,,,,,,,,
2021,2021-06-02,21:30:00,3ª Eliminatória ,Jogos De Ida,Estádio Raimundo Sampaio,,0,25000,América-MG,Criciúma EC,Lisca,Paulo Baier,6250000,275000,29.1,28.2,0,0,,,0,,,,,,,,,,,,,,,,
2021,2021-06-03,19:00:00,3ª Eliminatória ,Jogos De Ida,Estádio Aderbal Ramos da Silva,,0,17800,Avaí FC,Athletico-PR,Claudinei Oliveira,Toni Oliveira,5930000,27900000,30.6,25.7,1,1,,,0,,,,,,,,,,,,,,,,
2021,2021-03-26,20:30:00,2ª Eliminatória,Jogo Único,Estádio Elcyr Resende de Mendonça,,0,6000,Corinthians,Retrô,,,,,,,1,1,,,1,1,1,,,,,,,,,,,,,,
2021,2021-04-01,17:00:00,2ª Eliminatória,Jogo Único,Estadio Municipal Passo das Emas,,0,10000,Luverdense,RB Bragantino,Raul Cabral,Maurício Barbieri,350000,29400000,26.6,26.4,1,2,,,0,,,,,,,,,,,,,,,,
2021,2021-04-06,19:00:00,2ª Eliminatória,Jogo Único,Arena Joinville,,0,22400,Coritiba FC,Operário-PR,Gustavo Morínigo,Matheus Costa,5080000,1880000,29.7,28.5,3,2,,,0,,,,,,,,,,,,,,,,
2021,2021-04-06,21:30:00,2ª Eliminatória,Jogo Único,Estádio Governador Plácido Castelo,,0,60326,Fortaleza,Ypiranga-RS,Enderson Moreira,Júnior Rocha,10430000,200000,28.7,29.6,1,0,,,0,,,,,,,,,,,,,,,,
2021,2021-04-07,16:00:00,2ª Eliminatória,Jogo Único,Estádio Municipal Helvídio Nunes de Barros,,0,5400,Picos,Boavista,,,,,,,0,1,,,0,,,,,,,,,,,,,,,,
2021,2021-04-07,16:00:00,2ª Eliminatória,Jogo Único,Estádio Adauto Moraes,,0,5018,Juazeirense,Volta Redonda,,,,,,,3,3,,,1,7,5,,,,,,,,,,,,,,
2021,2021-04-07,19:00:00,2ª Eliminatória,Jogo Único,Estádio Manoel Barradas,,0,35632,EC Vitória,Rio Branco-ES,Rodrigo Chagas,Andre Visser,1450000,75000,24.6,28.1,2,0,,,0,,,,,,,,,,,,,,,,
2021,2021-04-07,21:30:00,2ª Eliminatória,Jogo Único,Estádio Governador Roberto Santos,,0,31000,EC Bahia,Manaus FC,,,,,,,4,1,,,0,,,,,,,,,,,,,,,,
2021,2021-04-07,21:30:00,2ª Eliminatória,Jogo Único,Estádio Antônio Guimarães de Almeida,,0,3500,Tombense,Vasco da Gama,Bruno Pivetti,Marcelo Cabo,300000,11150000,28.2,27.7,1,2,,,0,,,,,,,,,,,,,,,,
2021,2021-04-08,19:00:00,2ª Eliminatória,Jogo Único,Estádio Heriberto Hülse,,0,22000,Criciúma EC,Ponte Preta,Wilsão,Fábio Moreno,375000,3380000,27.7,27.1,1,1,,,1,6,5,,,,,,,,,,,,,,
2021,2021-04-08,21:30:00,2ª Eliminatória,Jogo Único,Estádio Onésio Brasileiro Alvarenga,,0,11788,Vila Nova FC,Juventude,Wagner Lopes,Marquinhos Santos,1380000,4500000,29.3,29.1,1,1,,,1,5,4,,,,,,,,,,,,,,
2021,2021-04-13,16:45:00,2ª Eliminatória,Jogo Único,Estádio Estadual Jornalista Edgar Augusto Proença,,0,45007,Paysandu,CRB,Itamar Schulle,Roberto Fernandes,1150000,3780000,28.4,30,1,2,,,0,,,,,,,,,,,,,,,,
2021,2021-04-13,19:00:00,2ª Eliminatória,Jogo Único,Estádio Olimpico Albino Turbay,,0,4000,Cianorte,Santa Cruz,João Burse,Roberto de Jesus,50000,450000,25.5,28.7,1,0,,,0,,,,,,,,,,,,,,,,
2021,2021-04-13,20:30:00,2ª Eliminatória,Jogo Único,Estádio Rei Pelé,,0,20000,CSA,Remo,Mozart,Paulo Bonamigo,4980000,1000000,28.6,30.4,1,1,,,1,6,7,,,,,,,,,,,,,,
2021,2021-04-14,19:00:00,2ª Eliminatória,Jogo Único,Estádio Raimundo Sampaio,,0,25000,América-MG,Ferroviário,Lisca,Francisco Diá,3780000,250000,29.5,26,1,1,,,1,4,3,,,,,,,,,,,,,,
2021,2021-04-14,21:30:00,2ª Eliminatória,Jogo Único,Estádio Maria Lamas Farache,,0,18017,ABC FC,Botafogo,Sílvio Criciúma,Marcelo Chamusca,50000,7530000,25.3,26.7,1,1,,,1,5,2,,,,,,,,,,,,,,
2021,2021-04-14,21:30:00,2ª Eliminatória,Jogo Único,Arena das Dunas,,0,31000,América-RN,Cruzeiro,,,,,,,0,1,,,0,,,,,,,,,,,,,,,,
2021,2021-04-15,19:00:00,2ª Eliminatória,Jogo Único,Estádio Municipal Helvídio Nunes de Barros,,0,5400,4 de Julho,Cuiabá-MT,,,,,,,0,0,,,1,0,0,,,,,,,,,,,,,,
2021,2021-04-15,19:00:00,2ª Eliminatória,Jogo Único,Estádio Aderbal Ramos da Silva,,0,17800,Avaí FC,FC Cascavel,Claudinei Oliveira,Tcheco,5350000,500000,31.4,29.4,2,0,,,0,,,,,,,,,,,,,,,,
2021,2021-04-15,21:30:00,2ª Eliminatória,Jogo Único,Arena Joinville,,0,22400,Joinville-SC,Atlético-GO,,,775000,9400000,27.4,26.8,0,2,,,0,,,,,,,,,,,,,,,,
2021,2021-03-09,16:00:00,1ª Eliminatória,Jogo Único,Estádio Iliê Vidal,,0,8000,Águia Negra,EC Vitória,,,,,,,0,1,,,0,,,,,,,,,,,,,,,,
2021,2021-03-09,19:30:00,1ª Eliminatória,Jogo Único,Estádio Renato Cunha Lima,,0,3000,Campinense-PB,EC Bahia,,,,,,,1,7,,,0,,,,,,,,,,,,,,,,
2021,2021-03-10,13:30:00,1ª Eliminatória,Jogo Único,Estádio Aniceto Moscoso,,0,10000,Madureira,Paysandu,,,,,,,0,1,,,0,,,,,,,,,,,,,,,,
2021,2021-03-10,14:00:00,1ª Eliminatória,Jogo Único,Estádio Municipal Helvídio Nunes de Barros,,0,5400,4 de Julho,Confiança,,,,,,,1,0,,,0,,,,,,,,,,,,,,,,
2021,2021-03-10,16:00:00,1ª Eliminatória,Jogo Único,Estádio Estadual Kléber José de Andrade,,0,21150,Rio Branco-ES,Sampaio Corrêa,Andre Visser,Rafael Guanaes,75000,500000,29.7,27.8,2,1,,,0,,,,,,,,,,,,,,,,
2021,2021-03-10,16:00:00,1ª Eliminatória,Jogo Único,Estádio Olimpico Albino Turbay,,0,4000,Cianorte,Paraná,,,,,,,1,0,,,0,,,,,,,,,,,,,,,,
2021,2021-03-10,17:15:00,1ª Eliminatória,Jogo Único,Estádio Adauto Moraes,,0,5018,Juazeirense,Sport Recife,,,,,,,3,2,,,0,,,,,,,,,,,,,,,,
2021,2021-03-10,18:30:00,1ª Eliminatória,Jogo Único,Estádio Governador João Castelo - Castelão,,0,40000,Moto Club,Botafogo,,,,,,,0,5,,,0,,,,,,,,,,,,,,,,
2021,2021-03-11,14:30:00,1ª Eliminatória,Jogo Único,Estádio José Roriz Aguiar,,0,21564,Real Brasília,América-RN,,,,,,,0,2,,,0,,,,,,,,,,,,,,,,
2021,2021-03-11,16:00:00,1ª Eliminatória,Jogo Único,Estádio Municipal Parque do Sabiá,,0,53350,Uberlândia,Luverdense,,,,,,,1,1,,,0,,,,,,,,,,,,,,,,
2021,2021-03-11,18:15:00,1ª Eliminatória,Jogo Único,Estádio Flamarion Vasconcelos,,0,5000,São Raimundo-RR,Cruzeiro,,,,,,,1,1,,,0,,,,,,,,,,,,,,,,
2021,2021-03-11,19:00:00,1ª Eliminatória,Jogo Único,Estádio Valmir Campelo Bezerra,,0,20310,SE Gama,Ponte Preta,,,,,,,1,2,,,0,,,,,,,,,,,,,,,,
2021,2021-03-11,20:30:00,1ª Eliminatória,Jogo Único,Estádio Elcyr Resende de Mendonça,,0,6000,Boavista,Goiás,Leandrão,Glauber Ramos,2050000,4650000,27.1,23.5,3,1,,,0,,,,,,,,,,,,,,,,
2021,2021-03-16,18:15:00,1ª Eliminatória,Jogo Único,Estádio Estadual Lourival Baptista,,0,14000,Sergipe,Cuiabá-MT,,,,,,,0,0,,,0,,,,,,,,,,,,,,,,
2021,2021-03-16,20:30:00,1ª Eliminatória,Jogo Único,Estádio José Gomes da Costa,,0,4000,Murici,Juventude,,,,,,,0,3,,,0,,,,,,,,,,,,,,,,
2021,2021-03-17,14:30:00,1ª Eliminatória,Jogo Único,Estádio Olímpio Perim,,0,2100,Rio Branco VN,ABC FC,,,,,,,1,1,,,0,,,,,,,,,,,,,,,,
2021,2021-03-17,14:30:00,1ª Eliminatória,Jogo Único,Estádio Maximino Porpino Filho,,0,5000,Castanhal,Volta Redonda,,,,,,,0,3,,,0,,,,,,,,,,,,,,,,
2021,2021-03-17,14:30:00,1ª Eliminatória,Jogo Único,Estádio Municipal Plácido Aderaldo Castelo,,0,10000,Guarany Sobral,CSA,,,,,,,1,5,,,0,,,,,,,,,,,,,,,,
2021,2021-03-17,14:30:00,1ª Eliminatória,Jogo Único,Estádio Municipal Marcos Pinheiro Neto,,0,2000,Sociedade Esportiva Juventude (MA),Operário-PR,,,,,,,0,2,,,0,,,,,,,,,,,,,,,,
2021,2021-03-17,15:00:00,1ª Eliminatória,Jogo Único,Estádio Municipal Helvídio Nunes de Barros,,0,5400,Picos,Atl. Acreano,,,,,,,1,0,,,0,,,,,,,,,,,,,,,,
2021,2021-03-17,15:30:00,1ª Eliminatória,Jogo Único,Estádio Municipal Valdir Doilho Wons,,0,1200,Nova Mutum,Tombense,,,,,,,0,0,,,0,,,,,,,,,,,,,,,,
2021,2021-03-17,16:00:00,1ª Eliminatória,Jogo Único,Arena Pantanal,,0,42000,Galvez,Atlético-GO,,,,,,,1,3,,,0,,,,,,,,,,,,,,,,
2021,2021-03-17,16:00:00,1ª Eliminatória,Jogo Único,Estádio Municipal Antônio de Figueiredo Carneiro,,0,16000,Atl. Alagoinhas,Vila Nova FC,,,,,,,0,3,,,0,,,,,,,,,,,,,,,,
2021,2021-03-17,17:00:00,1ª Eliminatória,Jogo Único,Itaipava Arena Pernambuco,,0,46154,Retrô,Brusque,,,,,,,1,0,,,0,,,,,,,,,,,,,,,,
2021,2021-03-17,18:15:00,1ª Eliminatória,Jogo Único,Estádio Francisco Stédile,,0,30822,Caxias-RS,Fortaleza,Lacerda,Enderson Moreira,325000,5580000,31.1,27.3,0,1,,,0,,,,,,,,,,,,,,,,
2021,2021-03-17,19:00:00,1ª Eliminatória,Jogo Único,Estádio Doutor Getúlio Dornelles Vargas,,0,6000,Esportivo,Remo,Luiz Carlos Winck,Paulo Bonamigo,300000,500000,28.5,28.5,0,2,,,0,,,,,,,,,,,,,,,,
2021,2021-03-17,19:00:00,1ª Eliminatória,Jogo Único,Estádio dos Plátanos,,0,3500,Santa Cruz-RS,Joinville-SC,,,,,,,0,0,,,0,,,,,,,,,,,,,,,,
2021,2021-03-17,20:30:00,1ª Eliminatória,Jogo Único,Estádio Cornélio de Barros,,0,12070,Salgueiro,Corinthians,,,,,,,0,3,,,0,,,,,,,,,,,,,,,,
2021,2021-03-18,14:30:00,1ª Eliminatória,Jogo Único,Estádio Estadual Kléber José de Andrade,,0,21150,Marília,Criciúma EC,Guilherme Alves,Hemerson Maria,50000,300000,26.6,28,0,0,,,0,,,,,,,,,,,,,,,,
2021,2021-03-18,15:00:00,1ª Eliminatória,Jogo Único,Estádio Presidente Vargas,,0,8800,Treze,América-MG,,,,,,,0,1,,,0,,,,,,,,,,,,,,,,
2021,2021-03-18,16:30:00,1ª Eliminatória,Jogo Único,Estádio Municipal Engenheiro Luthero Lopes,,0,19000,U. Rondonópolis,Coritiba FC,Júlio César Nunes,Gustavo Morínigo,400000,5080000,29.7,29,0,1,,,0,,,,,,,,,,,,,,,,
2021,2021-03-18,16:30:00,1ª Eliminatória,Jogo Único,Estádio Doutor Ronaldo Junqueira,,0,7250,Caldense,Vasco da Gama,Marcus Paulo Grippe,Marcelo Cabo,75000,19700000,24.1,23.5,1,1,,,0,,,,,,,,,,,,,,,,
2021,2021-03-18,17:00:00,1ª Eliminatória,Jogo Único,Estádio Olímpico Regional Arnaldo Busatto,,0,5000,FC Cascavel,Figueirense FC,Tcheco,Jorginho,75000,550000,30.3,25.5,2,1,,,0,,,,,,,,,,,,,,,,
2021,2021-03-18,19:00:00,1ª Eliminatória,Jogo Único,Arena da Amazônia,,0,41000,Peñarol-AM,Ypiranga-RS,,,,,,,1,1,,,0,,,,,,,,,,,,,,,,
2021,2021-03-18,19:00:00,1ª Eliminatória,Jogo Único,Estádio Estadual Kléber José de Andrade,,0,21150,Mirassol-SP,RB Bragantino,Eduardo Baptista,Maurício Barbieri,3080000,29400000,26.2,26.3,2,3,,,0,,,,,,,,,,,,,,,,
2021,2021-03-25,14:30:00,1ª Eliminatória,Jogo Único,Estádio de Los Larios,,0,6300,Porto Velho,Ferroviário,,,,,,,0,1,,,0,,,,,,,,,,,,,,,,
2021,2021-03-25,14:30:00,1ª Eliminatória,Jogo Único,Estádio Olímpico Regional Arnaldo Busatto,,0,25000,Palmas,Avaí FC,,,,,,,0,1,,,0,,,,,,,,,,,,,,,,
2021,2021-03-26,14:30:00,1ª Eliminatória,Jogo Único,Estádio Giulite Coutinho,,0,12150,Ypiranga-AP,Santa Cruz,,,,,,,0,4,,,0,,,,,,,,,,,,,,,,
2021,2021-03-26,14:30:00,1ª Eliminatória,Jogo Único,Estádio Jânio Moraes,,0,1810,Jaraguá EC,Manaus FC,,,,,,,1,4,,,0,,,,,,,,,,,,,,,,
2021,2021-03-27,14:30:00,1ª Eliminatória,Jogo Único,Estádio Valdeir José de Oliveira,,0,8110,Goianésia (GO),CRB,,,,,,,2,3,,,0,,,,,,,,,,,,,,,,
2021,2021-10-20,21:30:00,Semi-Finais ,Jogos De Ida,Estádio Governador Magalhães Pinto,Braulio da Silva Machado,18642,57018,Atlético-MG,Fortaleza,Cuca,Juan Pablo Vojvoda,51100000,12050000,29,28.2,4,0,3,0,0,,,6,7,9,14,14,9,3,5,2,2,21,8,7,3
2021,2021-09-14,21:30:00,Quartas De Final ,Jogos De Volta,Estádio Urbano Caldeira,Leandro Pedro Vuaden,0,20120,Santos,Athletico-PR,Fábio Carille,Toni Oliveira,21900000,26250000,26.9,26.8,0,1,0,0,0,,,5,5,7,22,20,5,4,7,2,1,19,13,7,5
2021,2021-09-15,19:00:00,Quartas De Final ,Jogos De Volta,Estádio Governador Magalhães Pinto,Raphael Claus,0,57018,Atlético-MG,Fluminense,Cuca,Marcão,47700000,19850000,29.1,27.6,1,0,0,0,0,,,2,5,15,12,11,15,1,4,1,0,14,10,6,5
2021,2021-09-15,21:30:00,Quartas De Final ,Jogos De Volta,Estádio Governador Plácido Castelo,Bruno Arleu de Araújo,0,,Fortaleza,São Paulo,Juan Pablo Vojvoda,Hernán Crespo,10830000,29900000,28.8,28.7,3,1,1,0,0,,,6,5,9,13,11,9,2,2,3,1,14,9,5,4
2021,2021-09-15,21:30:00,Quartas De Final ,Jogos De Volta,Estádio Jornalista Mário Filho,Rodolpho Toski Marques,0,78838,Flamengo,Grêmio,Renato Portaluppi,Luiz Felipe Scolari,67500000,22650000,26.2,26.1,2,0,0,0,0,,,4,4,13,18,16,12,3,2,0,0,16,10,9,4
2021,2021-08-25,19:00:00,Quartas De Final ,Jogos De Ida,Ligga Arena,Marcelo de Lima Henrique  (RJ),0,42372,Athletico-PR,Santos,Toni Oliveira,Fernando Diniz,25900000,19900000,25.9,25.7,1,0,1,0,0,,,9,8,18,10,9,17,2,4,2,0,16,15,8,5
2021,2021-08-25,21:30:00,Quartas De Final ,Jogos De Ida,Estádio Cícero Pompeu de Toledo,Wilton Sampaio,0,72039,São Paulo,Fortaleza,Hernán Crespo,Juan Pablo Vojvoda,30700000,10450000,29.3,29,2,2,0,0,0,,,2,5,15,11,8,15,4,4,2,3,11,13,4,6
2021,2021-08-25,21:30:00,Quartas De Final ,Jogos De Ida,Arena do Grêmio,Vinicius Gonçalves Dias Araujo,0,60540,Grêmio,Flamengo,Luiz Felipe Scolari,Renato Portaluppi,30200000,76350000,27.7,31.1,0,4,0,0,0,,,4,3,12,16,15,12,3,1,1,0,16,11,11,4
2021,2021-07-31,16:30:00,Oitavas De Final ,Jogos De Volta,Estádio Jornalista Mário Filho,Felipe Fernandes,0,82238,Fluminense,Criciúma EC,Roger Machado,Paulo Baier,14500000,275000,28.9,29,3,0,1,0,0,,,4,3,23,27,27,22,1,1,0,1,7,7,3,4
2021,2021-08-03,19:00:00,Oitavas De Final ,Jogos De Volta,Arena do Grêmio,Leo Simão Holanda,0,60540,Grêmio,EC Vitória,Luiz Felipe Scolari,Ramon Menezes,24600000,750000,25.3,23.7,1,0,1,0,0,,,10,2,17,10,8,16,0,7,3,0,12,7,2,4
2021,2021-08-04,21:30:00,Oitavas De Final ,Jogos De Volta,Arena Fonte Nova,Vinicius Gonçalves Dias Araujo,0,47364,EC Bahia,Atlético-MG,Dado Cavalcanti,Cuca,10800000,28500000,28.1,30,2,1,2,0,0,,,5,3,14,15,14,13,1,5,0,0,16,9,8,6
2021,2021-08-05,19:15:00,Oitavas De Final ,Jogos De Volta,Estádio Adauto Moraes,Douglas Schwengber,0,5018,Juazeirense,Santos,,,,,,,2,0,2,0,0,,,4,10,24,19,18,23,1,1,2,0,7,11,2,7
2021,2021-08-05,21:30:00,Oitavas De Final ,Jogos De Volta,Arena das Dunas,Ramon Abatti,0,31017,ABC FC,Flamengo,,,,,,,0,1,0,0,0,,,3,7,16,13,13,16,7,0,4,1,6,13,4,5
2021,2021-07-27,19:15:00,Oitavas De Final ,Jogos De Ida,Estádio Heriberto Hülse,Caio Max Augusto Vieira,0,22000,Criciúma EC,Fluminense,Paulo Baier,Roger Machado,275000,14500000,28.7,28.9,2,1,1,0,0,,,2,3,17,16,15,17,2,2,2,1,9,11,3,4
2021,2021-07-28,16:30:00,Oitavas De Final ,Jogos De Ida,Ligga Arena,Anderson Daronco,0,42372,Athletico-PR,Atlético-GO,,,,,,,2,1,0,0,0,,,6,0,15,10,10,15,1,6,2,0,16,14,5,9
2021,2021-07-28,19:15:00,Oitavas De Final ,Jogos De Ida,Estádio Urbano Caldeira,Wagner do Nascimento Magalhães,0,20120,Santos,Juazeirense,,,,,,,4,0,0,0,0,,,11,1,16,12,11,16,1,9,3,2,25,8,9,5
2021,2021-07-28,21:30:00,Oitavas De Final ,Jogos De Ida,Estádio Cícero Pompeu de Toledo,Wilton Sampaio,0,72039,São Paulo,Vasco da Gama,Hernán Crespo,Lisca,33600000,14950000,28.1,28.7,2,0,1,0,0,,,9,4,20,13,12,17,3,6,1,1,18,16,5,8
2021,2021-07-28,21:30:00,Oitavas De Final ,Jogos De Ida,Estádio Raimundo Sampaio,Raphael Claus,0,23018,Atlético-MG,EC Bahia,Cuca,Dado Cavalcanti,37800000,9830000,29.9,27.7,2,0,1,0,0,,,5,6,15,13,12,13,7,6,1,2,16,18,4,7
2021,2021-07-29,20:00:00,Oitavas De Final ,Jogos De Ida,Estádio Jornalista Mário Filho,Marielson Alves Silva,0,78838,Flamengo,ABC FC,,,,,,,6,0,4,0,0,,,4,2,8,18,17,8,0,4,1,1,22,1,10,1
2021,2021-06-08,16:30:00,3ª Eliminatória ,Jogos De Volta,Estádio Urbano Caldeira,Gilberto Rodrigues Castro Junior,0,20120,Santos,Cianorte,,,,,,,1,0,1,0,0,,,3,2,14,16,15,14,3,3,4,0,10,6,6,2
2021,2021-06-09,21:30:00,3ª Eliminatória ,Jogos De Volta,Estádio Nabi Abi Chedid,Wilton Sampaio,0,13212,RB Bragantino,Fluminense,Maurício Barbieri,Roger Machado,21850000,12500000,25.4,29,2,1,0,0,0,,,8,4,14,12,12,13,0,7,1,1,23,6,11,4
2021,2021-06-09,21:30:00,3ª Eliminatória ,Jogos De Volta,Estádio Antonio Accioly,Caio Max Augusto Vieira,0,13000,Atlético-GO,Corinthians,Eduardo Barroca,Sylvinho,7830000,27800000,27.3,26.2,0,0,0,0,0,,,1,12,13,11,11,12,2,2,1,1,6,14,2,9
2021,2021-06-10,15:30:00,3ª Eliminatória ,Jogos De Volta,Estádio Elmo Serejo Farias,Wanderson Alves de Sousa,0,30000,Brasiliense,Grêmio,,,,,,,0,0,0,0,0,,,0,3,16,19,19,16,1,3,3,2,12,9,5,5
2021,2021-06-10,21:30:00,3ª Eliminatória ,Jogos De Volta,Estádio Beira-Rio,Felipe Fernandes,0,56000,Internacional,EC Vitória,Miguel Ángel Ramírez,Ramon Menezes,32300000,2100000,27.3,25.7,1,3,0,0,0,,,8,3,21,25,22,21,6,5,1,0,15,12,8,3
2021,2021-06-16,21:30:00,3ª Eliminatória ,Jogos De Volta,Estádio Jornalista Mário Filho,Caio Max Augusto Vieira,0,78838,Flamengo,Coritiba FC,Rogério Ceni,Gustavo Morínigo,51200000,4930000,27.9,29,2,0,1,0,0,,,13,4,11,17,16,11,1,2,1,0,22,3,11,0
2021,2021-06-02,16:30:00,3ª Eliminatória ,Jogos De Ida,Arena do Grêmio,Alexandre Vargas Tavares,0,60540,Grêmio,Brasiliense,,,,,,,2,0,1,0,0,,,0,6,9,5,5,9,1,2,2,1,10,5,5,2
2021,2021-06-02,21:30:00,3ª Eliminatória ,Jogos De Ida,Estádio Jornalista Mário Filho,Ricardo Marques Ribeiro (MG),0,82238,Fluminense,RB Bragantino,Roger Machado,Maurício Barbieri,12500000,21250000,29,27.2,2,0,0,0,0,,,7,1,12,12,11,11,1,4,2,1,13,4,5,2
2021,2021-06-03,16:30:00,3ª Eliminatória ,Jogos De Ida,Estádio Governador Magalhães Pinto,Alisson Sidnei Furtado,0,57483,Cruzeiro,Juazeirense,,,,,,,1,0,0,0,0,,,11,6,22,19,19,20,3,2,0,3,16,8,7,4
2021,2021-06-03,19:00:00,3ª Eliminatória ,Jogos De Ida,Estádio Manoel Barradas,Marcelo de Lima Henrique  (RJ),0,35632,EC Vitória,Internacional,Rodrigo Chagas,Miguel Ángel Ramírez,1300000,32050000,24.8,26.4,0,1,0,0,0,,,7,9,10,12,12,9,3,1,1,0,9,8,5,2
2021,2021-12-15,20:30:00,Final ,Jogo De Volta,Ligga Arena,Anderson Daronco,34050,42372,Athletico-PR,Atlético-MG,Alberto Valentim,Cuca,29750000,44700000,25.8,29.4,1,2,0,1,0,,,10,2,18,8,7,15,3,10,2,1,20,10,8,4
2021,2021-10-20,21:30:00,Semi-Finais ,Jogos De Ida,Ligga Arena,Luiz Flávio de Oliveira (SP),9896,42372,Athletico-PR,Flamengo,Alberto Valentim,Renato Portaluppi,26500000,66450000,26.8,29.4,2,2,0,1,0,,,3,7,17,12,12,17,3,1,5,3,8,16,3,6
2021,2021-08-04,16:30:00,Oitavas De Final ,Jogos De Volta,Estádio Rei Pelé,Savio Pereira Sampaio,0,20000,CRB,Fortaleza,Allan Aal,Juan Pablo Vojvoda,3330000,10550000,27.9,29.4,0,1,0,1,0,,,3,1,21,18,18,21,7,1,2,1,6,14,3,4
2021,2021-08-04,19:15:00,Oitavas De Final ,Jogos De Volta,Estádio Antonio Accioly,Bruno Arleu de Araújo,0,13000,Atlético-GO,Athletico-PR,Eduardo Barroca,Toni Oliveira,9300000,20150000,27.1,25.7,2,2,0,1,0,,,10,3,15,20,20,15,1,2,1,3,14,11,4,4
2021,2021-08-04,21:30:00,Oitavas De Final ,Jogos De Volta,Estádio São Januário,Anderson Daronco,0,,Vasco da Gama,São Paulo,Lisca,Hernán Crespo,15800000,29100000,28.4,27.9,1,2,0,1,0,,,2,6,15,16,14,14,5,2,0,1,7,19,2,6
2021,2021-07-27,21:30:00,Oitavas De Final ,Jogos De Ida,Estádio Manoel Barradas,Flavio Rodrigues de Souza,0,35632,EC Vitória,Grêmio,Ramon Menezes,Luiz Felipe Scolari,800000,24900000,22.1,24.2,0,3,0,1,0,,,4,7,9,7,7,9,3,2,0,1,9,20,4,8
2021,2021-07-29,16:30:00,Oitavas De Final ,Jogos De Ida,Estádio Governador Plácido Castelo,Paulo Roberto Alves Júnior,0,60326,Fortaleza,CRB,Juan Pablo Vojvoda,Allan Aal,11450000,3480000,28.9,28.4,2,1,0,1,0,,,3,0,12,12,9,12,0,4,1,0,24,6,11,3
2021,2021-06-08,19:00:00,3ª Eliminatória ,Jogos De Volta,Estádio Cícero Pompeu de Toledo,Denis Ribeiro Serafim,0,67428,São Paulo,4 de Julho,,,,,,,9,1,3,1,0,,,9,4,17,7,7,17,3,4,5,0,19,10,5,4
2021,2021-06-09,16:30:00,3ª Eliminatória ,Jogos De Volta,Estádio São Januário,Jose Mendonça,0,24584,Vasco da Gama,Boavista,Marcelo Cabo,Leandrão,11350000,175000,28,27.1,1,1,0,1,0,,,9,4,13,14,14,10,4,5,1,1,22,9,9,4
2021,2021-06-10,19:00:00,3ª Eliminatória ,Jogos De Volta,Estádio Governador Magalhães Pinto,Jefferson Ferreira Moraes,0,57018,Atlético-MG,Remo,Cuca,Paulo Bonamigo,25950000,975000,30.7,28.5,2,1,1,1,0,,,6,2,16,15,14,15,3,4,1,1,16,10,6,5
2021,2021-06-01,19:00:00,3ª Eliminatória ,Jogos De Ida,Estádio Olimpico Albino Turbay,Diego Pombo Lopez,0,4000,Cianorte,Santos,João Burse,Fernando Diniz,50000,31500000,26.3,26.2,0,2,0,1,0,,,1,9,21,21,21,20,6,2,0,6,5,16,2,5
2021,2021-06-01,21:30:00,3ª Eliminatória ,Jogos De Ida,Estádio Elcyr Resende de Mendonça,Paulo Roberto Alves Júnior,0,6000,Boavista,Vasco da Gama,Leandrão,Marcelo Cabo,175000,11450000,25.7,28.9,0,1,0,1,0,,,4,5,16,19,17,16,1,6,0,0,10,16,2,9
2021,2021-06-03,21:30:00,3ª Eliminatória ,Jogos De Ida,Estádio Rei Pelé,Ramon Abatti,0,20000,CRB,Palmeiras,Allan Aal,Abel Ferreira,3850000,42150000,28.9,29.3,0,1,0,1,0,,,10,8,12,24,22,11,6,3,1,2,14,15,3,3
2021,2021-06-10,19:00:00,3ª Eliminatória ,Jogos De Ida,Estádio Major Antônio Couto Pereira,Savio Pereira Sampaio,0,37182,Coritiba FC,Flamengo,Gustavo Morínigo,Maurício Souza,5980000,35800000,31.1,28.8,0,1,0,1,0,,,2,5,19,10,10,19,6,2,1,1,5,15,1,2
2021,2021-08-26,21:30:00,Quartas De Final ,Jogos De Ida,Estádio Jornalista Mário Filho,Anderson Daronco,0,82238,Fluminense,Atlético-MG,Marcão,Cuca,16900000,50500000,27.5,27.7,1,2,1,2,0,,,5,4,12,18,18,11,1,2,1,6,7,9,3,5
2021,2021-06-01,21:30:00,3ª Eliminatória ,Jogos De Ida,Estádio Governador Alberto Tavares Silva,Zandick Gondim,0,44000,4 de Julho,São Paulo,,,,,,,3,2,2,2,0,,,2,6,17,17,16,17,2,2,1,4,13,15,7,9
2021,2021-06-02,19:00:00,3ª Eliminatória ,Jogos De Ida,Estádio Estadual Jornalista Edgar Augusto Proença,Antonio Dib Moraes de Sousa,0,45007,Remo,Atlético-MG,Paulo Bonamigo,Cuca,500000,28700000,29.8,30.4,0,2,0,2,0,,,7,1,5,10,9,5,2,1,2,0,12,5,7,0
2021,2021-06-02,21:30:00,3ª Eliminatória ,Jogos De Ida,Neo Química Arena ,Braulio da Silva Machado,0,49205,Corinthians,Atlético-GO,Sylvinho,Eduardo Barroca,29600000,7830000,27.4,27.2,0,2,0,2,0,,,4,1,7,13,12,6,1,3,1,0,13,9,5,3
